a,b,c,y,ds
2015,1,1,3.02,01-01-2015
2015,1,2,0.06,02-01-2015
2015,1,3,0,03-01-2015
2015,1,4,0,04-01-2015
2015,1,5,0,05-01-2015
2015,1,6,0,06-01-2015
2015,1,7,0,07-01-2015
2015,1,8,0,08-01-2015
2015,1,9,0,09-01-2015
2015,1,10,0,10-01-2015
2015,1,11,0,11-01-2015
2015,1,12,0,12-01-2015
2015,1,13,0,13-01-2015
2015,1,14,0,14-01-2015
2015,1,15,0,15-01-2015
2015,1,16,0.31,16-01-2015
2015,1,17,0.22,17-01-2015
2015,1,18,0,18-01-2015
2015,1,19,0,19-01-2015
2015,1,20,0,20-01-2015
2015,1,21,0,21-01-2015
2015,1,22,0.01,22-01-2015
2015,1,23,2.84,23-01-2015
2015,1,24,0.31,24-01-2015
2015,1,25,0.02,25-01-2015
2015,1,26,0,26-01-2015
2015,1,27,0,27-01-2015
2015,1,28,0,28-01-2015
2015,1,29,0,29-01-2015
2015,1,30,0,30-01-2015
2015,1,31,0,31-01-2015
2015,2,1,0,01-02-2015
2015,2,2,0,02-02-2015
2015,2,3,0.01,03-02-2015
2015,2,4,0.14,04-02-2015
2015,2,5,0.05,05-02-2015
2015,2,6,0,06-02-2015
2015,2,7,0,07-02-2015
2015,2,8,0,08-02-2015
2015,2,9,0,09-02-2015
2015,2,10,0,10-02-2015
2015,2,11,0,11-02-2015
2015,2,12,0,12-02-2015
2015,2,13,0,13-02-2015
2015,2,14,0,14-02-2015
2015,2,15,0,15-02-2015
2015,2,16,0,16-02-2015
2015,2,17,0,17-02-2015
2015,2,18,0,18-02-2015
2015,2,19,0,19-02-2015
2015,2,20,0,20-02-2015
2015,2,21,0,21-02-2015
2015,2,22,0,22-02-2015
2015,2,23,0,23-02-2015
2015,2,24,0,24-02-2015
2015,2,25,0,25-02-2015
2015,2,26,0.28,26-02-2015
2015,2,27,0.26,27-02-2015
2015,2,28,0.04,28-02-2015
2015,3,1,0.01,01-03-2015
2015,3,2,0.03,02-03-2015
2015,3,3,0.14,03-03-2015
2015,3,4,0.09,04-03-2015
2015,3,5,0.14,05-03-2015
2015,3,6,0.22,06-03-2015
2015,3,7,0.88,07-03-2015
2015,3,8,0,08-03-2015
2015,3,9,0,09-03-2015
2015,3,10,0,10-03-2015
2015,3,11,0,11-03-2015
2015,3,12,0,12-03-2015
2015,3,13,0.01,13-03-2015
2015,3,14,1.35,14-03-2015
2015,3,15,1.01,15-03-2015
2015,3,16,0.81,16-03-2015
2015,3,17,0.48,17-03-2015
2015,3,18,0,18-03-2015
2015,3,19,0,19-03-2015
2015,3,20,0,20-03-2015
2015,3,21,0,21-03-2015
2015,3,22,0,22-03-2015
2015,3,23,0,23-03-2015
2015,3,24,0,24-03-2015
2015,3,25,0,25-03-2015
2015,3,26,0,26-03-2015
2015,3,27,0,27-03-2015
2015,3,28,0.02,28-03-2015
2015,3,29,0.04,29-03-2015
2015,3,30,0.01,30-03-2015
2015,3,31,0.14,31-03-2015
2015,4,1,1.44,01-04-2015
2015,4,2,0.39,02-04-2015
2015,4,3,0.77,03-04-2015
2015,4,4,0.48,04-04-2015
2015,4,5,0,05-04-2015
2015,4,6,0,06-04-2015
2015,4,7,0,07-04-2015
2015,4,8,0.02,08-04-2015
2015,4,9,0.19,09-04-2015
2015,4,10,0.99,10-04-2015
2015,4,11,1.85,11-04-2015
2015,4,12,4.53,12-04-2015
2015,4,13,12.75,13-04-2015
2015,4,14,4.89,14-04-2015
2015,4,15,10.92,15-04-2015
2015,4,16,14.1,16-04-2015
2015,4,17,16.2,17-04-2015
2015,4,18,7.84,18-04-2015
2015,4,19,0.02,19-04-2015
2015,4,20,0.23,20-04-2015
2015,4,21,0.45,21-04-2015
2015,4,22,0.18,22-04-2015
2015,4,23,2.21,23-04-2015
2015,4,24,14.56,24-04-2015
2015,4,25,11.06,25-04-2015
2015,4,26,2.83,26-04-2015
2015,4,27,1.44,27-04-2015
2015,4,28,0.07,28-04-2015
2015,4,29,0.32,29-04-2015
2015,4,30,0.47,30-04-2015
2015,5,1,0.05,01-05-2015
2015,5,2,0.09,02-05-2015
2015,5,3,0.05,03-05-2015
2015,5,4,1.66,04-05-2015
2015,5,5,1.25,05-05-2015
2015,5,6,1.23,06-05-2015
2015,5,7,2.42,07-05-2015
2015,5,8,2.7,08-05-2015
2015,5,9,3.06,09-05-2015
2015,5,10,1.74,10-05-2015
2015,5,11,6.57,11-05-2015
2015,5,12,7.68,12-05-2015
2015,5,13,23.51,13-05-2015
2015,5,14,21.83,14-05-2015
2015,5,15,13.26,15-05-2015
2015,5,16,12.75,16-05-2015
2015,5,17,3.43,17-05-2015
2015,5,18,0.8,18-05-2015
2015,5,19,0.05,19-05-2015
2015,5,20,0.01,20-05-2015
2015,5,21,0,21-05-2015
2015,5,22,0,22-05-2015
2015,5,23,0,23-05-2015
2015,5,24,0.02,24-05-2015
2015,5,25,0,25-05-2015
2015,5,26,0.01,26-05-2015
2015,5,27,13.82,27-05-2015
2015,5,28,8.69,28-05-2015
2015,5,29,1.7,29-05-2015
2015,5,30,1.3,30-05-2015
2015,5,31,3.08,31-05-2015
2015,6,1,2.44,01-06-2015
2015,6,2,2.83,02-06-2015
2015,6,3,0.52,03-06-2015
2015,6,4,7.9,04-06-2015
2015,6,5,31.94,05-06-2015
2015,6,6,1.03,06-06-2015
2015,6,7,0,07-06-2015
2015,6,8,0.45,08-06-2015
2015,6,9,0.62,09-06-2015
2015,6,10,2.14,10-06-2015
2015,6,11,8.34,11-06-2015
2015,6,12,0.13,12-06-2015
2015,6,13,11.38,13-06-2015
2015,6,14,0.16,14-06-2015
2015,6,15,0.01,15-06-2015
2015,6,16,0.75,16-06-2015
2015,6,17,0.71,17-06-2015
2015,6,18,1.33,18-06-2015
2015,6,19,3.16,19-06-2015
2015,6,20,0.16,20-06-2015
2015,6,21,0.31,21-06-2015
2015,6,22,0,22-06-2015
2015,6,23,1.17,23-06-2015
2015,6,24,0.06,24-06-2015
2015,6,25,0.02,25-06-2015
2015,6,26,0.08,26-06-2015
2015,6,27,0.15,27-06-2015
2015,6,28,0.18,28-06-2015
2015,6,29,1.23,29-06-2015
2015,6,30,1.96,30-06-2015
2015,7,1,0.45,01-07-2015
2015,7,2,0,02-07-2015
2015,7,3,0.15,03-07-2015
2015,7,4,0.04,04-07-2015
2015,7,5,0,05-07-2015
2015,7,6,0,06-07-2015
2015,7,7,0,07-07-2015
2015,7,8,0.03,08-07-2015
2015,7,9,0.01,09-07-2015
2015,7,10,0.05,10-07-2015
2015,7,11,0.29,11-07-2015
2015,7,12,0.36,12-07-2015
2015,7,13,0.42,13-07-2015
2015,7,14,0.04,14-07-2015
2015,7,15,0,15-07-2015
2015,7,16,0.14,16-07-2015
2015,7,17,0.2,17-07-2015
2015,7,18,0.44,18-07-2015
2015,7,19,0.27,19-07-2015
2015,7,20,0.02,20-07-2015
2015,7,21,4.49,21-07-2015
2015,7,22,0.85,22-07-2015
2015,7,23,2.55,23-07-2015
2015,7,24,0.67,24-07-2015
2015,7,25,2.83,25-07-2015
2015,7,26,0.31,26-07-2015
2015,7,27,1.8,27-07-2015
2015,7,28,1.73,28-07-2015
2015,7,29,1,29-07-2015
2015,7,30,0,30-07-2015
2015,7,31,0.1,31-07-2015
2015,8,1,0.46,01-08-2015
2015,8,2,0.59,02-08-2015
2015,8,3,5.77,03-08-2015
2015,8,4,0.26,04-08-2015
2015,8,5,0.12,05-08-2015
2015,8,6,0.11,06-08-2015
2015,8,7,0.29,07-08-2015
2015,8,8,0,08-08-2015
2015,8,9,0.09,09-08-2015
2015,8,10,1.05,10-08-2015
2015,8,11,0.28,11-08-2015
2015,8,12,0.06,12-08-2015
2015,8,13,0.19,13-08-2015
2015,8,14,0.62,14-08-2015
2015,8,15,1.38,15-08-2015
2015,8,16,36.69,16-08-2015
2015,8,17,10.62,17-08-2015
2015,8,18,1.54,18-08-2015
2015,8,19,0.54,19-08-2015
2015,8,20,0.13,20-08-2015
2015,8,21,3.04,21-08-2015
2015,8,22,20.61,22-08-2015
2015,8,23,2.04,23-08-2015
2015,8,24,0.02,24-08-2015
2015,8,25,0,25-08-2015
2015,8,26,0.01,26-08-2015
2015,8,27,0.81,27-08-2015
2015,8,28,0.1,28-08-2015
2015,8,29,0,29-08-2015
2015,8,30,0.13,30-08-2015
2015,8,31,0.03,31-08-2015
2015,9,1,2.42,01-09-2015
2015,9,2,3.27,02-09-2015
2015,9,3,3.28,03-09-2015
2015,9,4,0.3,04-09-2015
2015,9,5,3.36,05-09-2015
2015,9,6,6.09,06-09-2015
2015,9,7,1.23,07-09-2015
2015,9,8,0.01,08-09-2015
2015,9,9,2.34,09-09-2015
2015,9,10,0.05,10-09-2015
2015,9,11,0.02,11-09-2015
2015,9,12,0.79,12-09-2015
2015,9,13,0,13-09-2015
2015,9,14,0.01,14-09-2015
2015,9,15,0.04,15-09-2015
2015,9,16,0.07,16-09-2015
2015,9,17,0.43,17-09-2015
2015,9,18,0.09,18-09-2015
2015,9,19,0,19-09-2015
2015,9,20,0.27,20-09-2015
2015,9,21,0.3,21-09-2015
2015,9,22,0.84,22-09-2015
2015,9,23,2.25,23-09-2015
2015,9,24,3.84,24-09-2015
2015,9,25,1.41,25-09-2015
2015,9,26,0.48,26-09-2015
2015,9,27,19,27-09-2015
2015,9,28,8.73,28-09-2015
2015,9,29,12.53,29-09-2015
2015,9,30,7.76,30-09-2015
2015,10,1,5.57,01-10-2015
2015,10,2,21.23,02-10-2015
2015,10,3,1.69,03-10-2015
2015,10,4,5.41,04-10-2015
2015,10,5,16.51,05-10-2015
2015,10,6,9.5,06-10-2015
2015,10,7,19.22,07-10-2015
2015,10,8,1.75,08-10-2015
2015,10,9,0.14,09-10-2015
2015,10,10,4.34,10-10-2015
2015,10,11,14.63,11-10-2015
2015,10,12,11.81,12-10-2015
2015,10,13,0.15,13-10-2015
2015,10,14,0.1,14-10-2015
2015,10,15,0.03,15-10-2015
2015,10,16,0,16-10-2015
2015,10,17,0.06,17-10-2015
2015,10,18,3.84,18-10-2015
2015,10,19,2.74,19-10-2015
2015,10,20,0.44,20-10-2015
2015,10,21,0.4,21-10-2015
2015,10,22,0,22-10-2015
2015,10,23,0.04,23-10-2015
2015,10,24,1.47,24-10-2015
2015,10,25,0.32,25-10-2015
2015,10,26,0.26,26-10-2015
2015,10,27,2.69,27-10-2015
2015,10,28,15.87,28-10-2015
2015,10,29,1.62,29-10-2015
2015,10,30,4.05,30-10-2015
2015,10,31,6.05,31-10-2015
2015,11,1,15.26,01-11-2015
2015,11,2,13.25,02-11-2015
2015,11,3,8.17,03-11-2015
2015,11,4,19.4,04-11-2015
2015,11,5,15.91,05-11-2015
2015,11,6,8.06,06-11-2015
2015,11,7,13.76,07-11-2015
2015,11,8,19.5,08-11-2015
2015,11,9,38.79,09-11-2015
2015,11,10,14.92,10-11-2015
2015,11,11,1.69,11-11-2015
2015,11,12,3.51,12-11-2015
2015,11,13,6.51,13-11-2015
2015,11,14,7.06,14-11-2015
2015,11,15,21.41,15-11-2015
2015,11,16,8.26,16-11-2015
2015,11,17,0.51,17-11-2015
2015,11,18,1.64,18-11-2015
2015,11,19,3.46,19-11-2015
2015,11,20,12.3,20-11-2015
2015,11,21,4.95,21-11-2015
2015,11,22,33.78,22-11-2015
2015,11,23,12.94,23-11-2015
2015,11,24,1.52,24-11-2015
2015,11,25,0.01,25-11-2015
2015,11,26,0.8,26-11-2015
2015,11,27,1.34,27-11-2015
2015,11,28,0.13,28-11-2015
2015,11,29,18.71,29-11-2015
2015,11,30,15.39,30-11-2015
2015,12,1,12.96,01-12-2015
2015,12,2,17.08,02-12-2015
2015,12,3,13.39,03-12-2015
2015,12,4,10.05,04-12-2015
2015,12,5,12.15,05-12-2015
2015,12,6,15.21,06-12-2015
2015,12,7,7.58,07-12-2015
2015,12,8,22.34,08-12-2015
2015,12,9,2.02,09-12-2015
2015,12,10,3.91,10-12-2015
2015,12,11,1.42,11-12-2015
2015,12,12,0.63,12-12-2015
2015,12,13,0.03,13-12-2015
2015,12,14,1.96,14-12-2015
2015,12,15,0.08,15-12-2015
2015,12,16,0,16-12-2015
2015,12,17,0,17-12-2015
2015,12,18,0.96,18-12-2015
2015,12,19,1.07,19-12-2015
2015,12,20,0.17,20-12-2015
2015,12,21,0.01,21-12-2015
2015,12,22,0,22-12-2015
2015,12,23,0,23-12-2015
2015,12,24,0,24-12-2015
2015,12,25,0,25-12-2015
2015,12,26,0.02,26-12-2015
2015,12,27,0.45,27-12-2015
2015,12,28,0.15,28-12-2015
2015,12,29,0.01,29-12-2015
2015,12,30,0,30-12-2015
2015,12,31,0,31-12-2015
2016,1,1,0,01-01-2016
2016,1,2,0,02-01-2016
2016,1,3,0,03-01-2016
2016,1,4,0,04-01-2016
2016,1,5,0.01,05-01-2016
2016,1,6,0.01,06-01-2016
2016,1,7,0,07-01-2016
2016,1,8,0,08-01-2016
2016,1,9,0,09-01-2016
2016,1,10,0,10-01-2016
2016,1,11,0,11-01-2016
2016,1,12,0,12-01-2016
2016,1,13,0,13-01-2016
2016,1,14,0,14-01-2016
2016,1,15,0,15-01-2016
2016,1,16,0,16-01-2016
2016,1,17,0,17-01-2016
2016,1,18,0,18-01-2016
2016,1,19,0,19-01-2016
2016,1,20,0.02,20-01-2016
2016,1,21,0.06,21-01-2016
2016,1,22,0,22-01-2016
2016,1,23,0.02,23-01-2016
2016,1,24,0.1,24-01-2016
2016,1,25,0.01,25-01-2016
2016,1,26,0,26-01-2016
2016,1,27,0,27-01-2016
2016,1,28,0,28-01-2016
2016,1,29,0,29-01-2016
2016,1,30,0,30-01-2016
2016,1,31,0,31-01-2016
2016,2,1,0,01-02-2016
2016,2,2,0,02-02-2016
2016,2,3,0,03-02-2016
2016,2,4,0,04-02-2016
2016,2,5,0,05-02-2016
2016,2,6,0,06-02-2016
2016,2,7,0,07-02-2016
2016,2,8,0,08-02-2016
2016,2,9,0,09-02-2016
2016,2,10,0,10-02-2016
2016,2,11,0,11-02-2016
2016,2,12,0,12-02-2016
2016,2,13,0,13-02-2016
2016,2,14,0,14-02-2016
2016,2,15,0,15-02-2016
2016,2,16,0,16-02-2016
2016,2,17,0,17-02-2016
2016,2,18,0,18-02-2016
2016,2,19,0,19-02-2016
2016,2,20,0,20-02-2016
2016,2,21,0,21-02-2016
2016,2,22,0.02,22-02-2016
2016,2,23,0,23-02-2016
2016,2,24,0,24-02-2016
2016,2,25,0,25-02-2016
2016,2,26,0,26-02-2016
2016,2,27,0.01,27-02-2016
2016,2,28,0.01,28-02-2016
2016,2,29,0.01,29-02-2016
2016,3,1,0.04,01-03-2016
2016,3,2,0,02-03-2016
2016,3,3,0,03-03-2016
2016,3,4,0,04-03-2016
2016,3,5,0.05,05-03-2016
2016,3,6,0,06-03-2016
2016,3,7,0,07-03-2016
2016,3,8,0,08-03-2016
2016,3,9,0,09-03-2016
2016,3,10,0,10-03-2016
2016,3,11,0,11-03-2016
2016,3,12,0,12-03-2016
2016,3,13,0,13-03-2016
2016,3,14,0,14-03-2016
2016,3,15,0.02,15-03-2016
2016,3,16,0.26,16-03-2016
2016,3,17,0.32,17-03-2016
2016,3,18,0,18-03-2016
2016,3,19,0,19-03-2016
2016,3,20,0,20-03-2016
2016,3,21,0,21-03-2016
2016,3,22,0,22-03-2016
2016,3,23,0,23-03-2016
2016,3,24,0,24-03-2016
2016,3,25,0,25-03-2016
2016,3,26,0,26-03-2016
2016,3,27,0,27-03-2016
2016,3,28,0.07,28-03-2016
2016,3,29,0.07,29-03-2016
2016,3,30,0.06,30-03-2016
2016,3,31,0,31-03-2016
2016,4,1,0,01-04-2016
2016,4,2,0,02-04-2016
2016,4,3,0,03-04-2016
2016,4,4,0,04-04-2016
2016,4,5,0,05-04-2016
2016,4,6,0,06-04-2016
2016,4,7,0.02,07-04-2016
2016,4,8,0.1,08-04-2016
2016,4,9,1.45,09-04-2016
2016,4,10,0.39,10-04-2016
2016,4,11,0.02,11-04-2016
2016,4,12,0,12-04-2016
2016,4,13,0,13-04-2016
2016,4,14,0.02,14-04-2016
2016,4,15,0.02,15-04-2016
2016,4,16,0,16-04-2016
2016,4,17,0,17-04-2016
2016,4,18,0.02,18-04-2016
2016,4,19,0.16,19-04-2016
2016,4,20,0.08,20-04-2016
2016,4,21,0.22,21-04-2016
2016,4,22,0.21,22-04-2016
2016,4,23,0.02,23-04-2016
2016,4,24,0.01,24-04-2016
2016,4,25,0,25-04-2016
2016,4,26,0.03,26-04-2016
2016,4,27,0.08,27-04-2016
2016,4,28,0,28-04-2016
2016,4,29,0,29-04-2016
2016,4,30,0,30-04-2016
2016,5,1,0,01-05-2016
2016,5,2,0,02-05-2016
2016,5,3,0.01,03-05-2016
2016,5,4,0.01,04-05-2016
2016,5,5,0.06,05-05-2016
2016,5,6,1.76,06-05-2016
2016,5,7,8.53,07-05-2016
2016,5,8,2.02,08-05-2016
2016,5,9,1.11,09-05-2016
2016,5,10,5.69,10-05-2016
2016,5,11,4.17,11-05-2016
2016,5,12,0.51,12-05-2016
2016,5,13,0.54,13-05-2016
2016,5,14,0.8,14-05-2016
2016,5,15,4.5,15-05-2016
2016,5,16,43.22,16-05-2016
2016,5,17,5.94,17-05-2016
2016,5,18,10.09,18-05-2016
2016,5,19,14.03,19-05-2016
2016,5,20,0.67,20-05-2016
2016,5,21,0,21-05-2016
2016,5,22,0,22-05-2016
2016,5,23,0,23-05-2016
2016,5,24,0,24-05-2016
2016,5,25,0.11,25-05-2016
2016,5,26,0,26-05-2016
2016,5,27,3.43,27-05-2016
2016,5,28,3.33,28-05-2016
2016,5,29,2.77,29-05-2016
2016,5,30,5.25,30-05-2016
2016,5,31,3.19,31-05-2016
2016,6,1,3.9,01-06-2016
2016,6,2,1.35,02-06-2016
2016,6,3,0.03,03-06-2016
2016,6,4,1.65,04-06-2016
2016,6,5,4.08,05-06-2016
2016,6,6,0.23,06-06-2016
2016,6,7,2.03,07-06-2016
2016,6,8,0.42,08-06-2016
2016,6,9,0.16,09-06-2016
2016,6,10,0.01,10-06-2016
2016,6,11,1.65,11-06-2016
2016,6,12,0,12-06-2016
2016,6,13,0,13-06-2016
2016,6,14,0,14-06-2016
2016,6,15,0,15-06-2016
2016,6,16,0,16-06-2016
2016,6,17,4.68,17-06-2016
2016,6,18,7.96,18-06-2016
2016,6,19,2.28,19-06-2016
2016,6,20,0.98,20-06-2016
2016,6,21,2.45,21-06-2016
2016,6,22,2.65,22-06-2016
2016,6,23,5.72,23-06-2016
2016,6,24,0.18,24-06-2016
2016,6,25,0.29,25-06-2016
2016,6,26,0.05,26-06-2016
2016,6,27,0.11,27-06-2016
2016,6,28,0.17,28-06-2016
2016,6,29,0.34,29-06-2016
2016,6,30,0.4,30-06-2016
2016,7,1,0,01-07-2016
2016,7,2,0,02-07-2016
2016,7,3,0,03-07-2016
2016,7,4,0.03,04-07-2016
2016,7,5,0,05-07-2016
2016,7,6,0.88,06-07-2016
2016,7,7,0.07,07-07-2016
2016,7,8,0.21,08-07-2016
2016,7,9,0.01,09-07-2016
2016,7,10,0.02,10-07-2016
2016,7,11,0,11-07-2016
2016,7,12,0,12-07-2016
2016,7,13,0,13-07-2016
2016,7,14,0.11,14-07-2016
2016,7,15,9.2,15-07-2016
2016,7,16,3.63,16-07-2016
2016,7,17,13.08,17-07-2016
2016,7,18,6.09,18-07-2016
2016,7,19,0.86,19-07-2016
2016,7,20,0.94,20-07-2016
2016,7,21,0.62,21-07-2016
2016,7,22,0.01,22-07-2016
2016,7,23,0.33,23-07-2016
2016,7,24,3.68,24-07-2016
2016,7,25,19.87,25-07-2016
2016,7,26,14.5,26-07-2016
2016,7,27,7.6,27-07-2016
2016,7,28,7.09,28-07-2016
2016,7,29,1.12,29-07-2016
2016,7,30,0.41,30-07-2016
2016,7,31,0,31-07-2016
2016,8,1,0,01-08-2016
2016,8,2,0,02-08-2016
2016,8,3,0,03-08-2016
2016,8,4,0,04-08-2016
2016,8,5,0,05-08-2016
2016,8,6,0,06-08-2016
2016,8,7,0.11,07-08-2016
2016,8,8,0,08-08-2016
2016,8,9,0.86,09-08-2016
2016,8,10,0.3,10-08-2016
2016,8,11,0.08,11-08-2016
2016,8,12,1.38,12-08-2016
2016,8,13,2.12,13-08-2016
2016,8,14,0.27,14-08-2016
2016,8,15,2.08,15-08-2016
2016,8,16,0.02,16-08-2016
2016,8,17,0.07,17-08-2016
2016,8,18,0.22,18-08-2016
2016,8,19,0.26,19-08-2016
2016,8,20,0.19,20-08-2016
2016,8,21,0.54,21-08-2016
2016,8,22,0.09,22-08-2016
2016,8,23,1.31,23-08-2016
2016,8,24,0.36,24-08-2016
2016,8,25,1.18,25-08-2016
2016,8,26,8.96,26-08-2016
2016,8,27,5.9,27-08-2016
2016,8,28,7.07,28-08-2016
2016,8,29,7.15,29-08-2016
2016,8,30,14.91,30-08-2016
2016,8,31,8.2,31-08-2016
2016,9,1,1.89,01-09-2016
2016,9,2,1.21,02-09-2016
2016,9,3,0.07,03-09-2016
2016,9,4,0.02,04-09-2016
2016,9,5,0,05-09-2016
2016,9,6,0.62,06-09-2016
2016,9,7,0.02,07-09-2016
2016,9,8,0,08-09-2016
2016,9,9,1.26,09-09-2016
2016,9,10,1.37,10-09-2016
2016,9,11,0.13,11-09-2016
2016,9,12,0.59,12-09-2016
2016,9,13,2.57,13-09-2016
2016,9,14,1.01,14-09-2016
2016,9,15,0.43,15-09-2016
2016,9,16,0.38,16-09-2016
2016,9,17,0,17-09-2016
2016,9,18,0,18-09-2016
2016,9,19,0.1,19-09-2016
2016,9,20,0.42,20-09-2016
2016,9,21,0.41,21-09-2016
2016,9,22,0.06,22-09-2016
2016,9,23,0,23-09-2016
2016,9,24,0,24-09-2016
2016,9,25,0,25-09-2016
2016,9,26,0.02,26-09-2016
2016,9,27,0.76,27-09-2016
2016,9,28,0.92,28-09-2016
2016,9,29,6.11,29-09-2016
2016,9,30,2.25,30-09-2016
2016,10,1,0.08,01-10-2016
2016,10,2,0,02-10-2016
2016,10,3,0.03,03-10-2016
2016,10,4,4.56,04-10-2016
2016,10,5,5.54,05-10-2016
2016,10,6,1.81,06-10-2016
2016,10,7,0.14,07-10-2016
2016,10,8,0.03,08-10-2016
2016,10,9,0.04,09-10-2016
2016,10,10,0.03,10-10-2016
2016,10,11,3.53,11-10-2016
2016,10,12,11.04,12-10-2016
2016,10,13,6.53,13-10-2016
2016,10,14,0.84,14-10-2016
2016,10,15,0.04,15-10-2016
2016,10,16,0,16-10-2016
2016,10,17,0,17-10-2016
2016,10,18,0,18-10-2016
2016,10,19,0.45,19-10-2016
2016,10,20,1.67,20-10-2016
2016,10,21,4.31,21-10-2016
2016,10,22,1.84,22-10-2016
2016,10,23,1.44,23-10-2016
2016,10,24,0.31,24-10-2016
2016,10,25,0.09,25-10-2016
2016,10,26,0,26-10-2016
2016,10,27,0,27-10-2016
2016,10,28,0,28-10-2016
2016,10,29,2.45,29-10-2016
2016,10,30,7.51,30-10-2016
2016,10,31,5.83,31-10-2016
2016,11,1,0.34,01-11-2016
2016,11,2,8.49,02-11-2016
2016,11,3,1.65,03-11-2016
2016,11,4,0,04-11-2016
2016,11,5,0,05-11-2016
2016,11,6,0.41,06-11-2016
2016,11,7,0.26,07-11-2016
2016,11,8,0.01,08-11-2016
2016,11,9,0,09-11-2016
2016,11,10,0,10-11-2016
2016,11,11,0,11-11-2016
2016,11,12,0.07,12-11-2016
2016,11,13,2.4,13-11-2016
2016,11,14,1.62,14-11-2016
2016,11,15,0.63,15-11-2016
2016,11,16,0.86,16-11-2016
2016,11,17,3.77,17-11-2016
2016,11,18,0.65,18-11-2016
2016,11,19,0.95,19-11-2016
2016,11,20,0.24,20-11-2016
2016,11,21,0.1,21-11-2016
2016,11,22,0.02,22-11-2016
2016,11,23,0.01,23-11-2016
2016,11,24,0,24-11-2016
2016,11,25,0,25-11-2016
2016,11,26,0,26-11-2016
2016,11,27,0,27-11-2016
2016,11,28,0,28-11-2016
2016,11,29,0,29-11-2016
2016,11,30,0.16,30-11-2016
2016,12,1,9.9,01-12-2016
2016,12,2,13.22,02-12-2016
2016,12,3,2.37,03-12-2016
2016,12,4,0.71,04-12-2016
2016,12,5,0.95,05-12-2016
2016,12,6,0.11,06-12-2016
2016,12,7,0.05,07-12-2016
2016,12,8,0.02,08-12-2016
2016,12,9,0,09-12-2016
2016,12,10,0,10-12-2016
2016,12,11,0,11-12-2016
2016,12,12,5.04,12-12-2016
2016,12,13,2.73,13-12-2016
2016,12,14,0.47,14-12-2016
2016,12,15,0.14,15-12-2016
2016,12,16,1.54,16-12-2016
2016,12,17,0.05,17-12-2016
2016,12,18,0,18-12-2016
2016,12,19,0.01,19-12-2016
2016,12,20,1.45,20-12-2016
2016,12,21,0.21,21-12-2016
2016,12,22,0,22-12-2016
2016,12,23,0,23-12-2016
2016,12,24,0,24-12-2016
2016,12,25,0,25-12-2016
2016,12,26,0,26-12-2016
2016,12,27,0.52,27-12-2016
2016,12,28,7.98,28-12-2016
2016,12,29,0.1,29-12-2016
2016,12,30,0,30-12-2016
2016,12,31,0,31-12-2016
2017,1,1,0.04,01-01-2017
2017,1,2,0,02-01-2017
2017,1,3,0,03-01-2017
2017,1,4,0,04-01-2017
2017,1,5,0,05-01-2017
2017,1,6,0,06-01-2017
2017,1,7,0,07-01-2017
2017,1,8,0,08-01-2017
2017,1,9,0,09-01-2017
2017,1,10,0,10-01-2017
2017,1,11,0,11-01-2017
2017,1,12,0,12-01-2017
2017,1,13,0,13-01-2017
2017,1,14,0,14-01-2017
2017,1,15,0,15-01-2017
2017,1,16,0.01,16-01-2017
2017,1,17,0,17-01-2017
2017,1,18,0,18-01-2017
2017,1,19,0,19-01-2017
2017,1,20,6.35,20-01-2017
2017,1,21,17.93,21-01-2017
2017,1,22,1.3,22-01-2017
2017,1,23,0,23-01-2017
2017,1,24,0,24-01-2017
2017,1,25,0.78,25-01-2017
2017,1,26,3.63,26-01-2017
2017,1,27,8.21,27-01-2017
2017,1,28,3.09,28-01-2017
2017,1,29,1.18,29-01-2017
2017,1,30,0.33,30-01-2017
2017,1,31,0,31-01-2017
2017,2,1,0,01-02-2017
2017,2,2,0,02-02-2017
2017,2,3,0,03-02-2017
2017,2,4,0,04-02-2017
2017,2,5,0,05-02-2017
2017,2,6,0,06-02-2017
2017,2,7,0,07-02-2017
2017,2,8,0,08-02-2017
2017,2,9,0,09-02-2017
2017,2,10,0,10-02-2017
2017,2,11,0,11-02-2017
2017,2,12,0,12-02-2017
2017,2,13,0.24,13-02-2017
2017,2,14,1.98,14-02-2017
2017,2,15,0,15-02-2017
2017,2,16,0,16-02-2017
2017,2,17,0,17-02-2017
2017,2,18,0,18-02-2017
2017,2,19,0,19-02-2017
2017,2,20,0,20-02-2017
2017,2,21,0,21-02-2017
2017,2,22,0,22-02-2017
2017,2,23,0,23-02-2017
2017,2,24,0,24-02-2017
2017,2,25,0,25-02-2017
2017,2,26,0,26-02-2017
2017,2,27,0,27-02-2017
2017,2,28,0,28-02-2017
2017,3,1,0,01-03-2017
2017,3,2,0.01,02-03-2017
2017,3,3,1.84,03-03-2017
2017,3,4,9.7,04-03-2017
2017,3,5,2.12,05-03-2017
2017,3,6,0.22,06-03-2017
2017,3,7,0.16,07-03-2017
2017,3,8,0.65,08-03-2017
2017,3,9,0.97,09-03-2017
2017,3,10,3.13,10-03-2017
2017,3,11,1.55,11-03-2017
2017,3,12,0.48,12-03-2017
2017,3,13,3.12,13-03-2017
2017,3,14,4.38,14-03-2017
2017,3,15,4.67,15-03-2017
2017,3,16,1.17,16-03-2017
2017,3,17,0.09,17-03-2017
2017,3,18,0.04,18-03-2017
2017,3,19,0,19-03-2017
2017,3,20,0.97,20-03-2017
2017,3,21,3.77,21-03-2017
2017,3,22,0,22-03-2017
2017,3,23,0,23-03-2017
2017,3,24,0,24-03-2017
2017,3,25,0,25-03-2017
2017,3,26,0,26-03-2017
2017,3,27,0,27-03-2017
2017,3,28,0,28-03-2017
2017,3,29,0,29-03-2017
2017,3,30,0,30-03-2017
2017,3,31,0,31-03-2017
2017,4,1,0,01-04-2017
2017,4,2,0,02-04-2017
2017,4,3,0,03-04-2017
2017,4,4,0,04-04-2017
2017,4,5,0,05-04-2017
2017,4,6,0.14,06-04-2017
2017,4,7,0.19,07-04-2017
2017,4,8,0,08-04-2017
2017,4,9,0,09-04-2017
2017,4,10,0,10-04-2017
2017,4,11,0.01,11-04-2017
2017,4,12,0.02,12-04-2017
2017,4,13,0.01,13-04-2017
2017,4,14,0,14-04-2017
2017,4,15,0,15-04-2017
2017,4,16,0.01,16-04-2017
2017,4,17,0.03,17-04-2017
2017,4,18,0.02,18-04-2017
2017,4,19,0,19-04-2017
2017,4,20,0.22,20-04-2017
2017,4,21,1.01,21-04-2017
2017,4,22,1.65,22-04-2017
2017,4,23,0.28,23-04-2017
2017,4,24,0.19,24-04-2017
2017,4,25,0.47,25-04-2017
2017,4,26,0.62,26-04-2017
2017,4,27,0.23,27-04-2017
2017,4,28,0,28-04-2017
2017,4,29,0.24,29-04-2017
2017,4,30,0.11,30-04-2017
2017,5,1,0.18,01-05-2017
2017,5,2,2.16,02-05-2017
2017,5,3,2.1,03-05-2017
2017,5,4,0.17,04-05-2017
2017,5,5,0.07,05-05-2017
2017,5,6,0.67,06-05-2017
2017,5,7,5.17,07-05-2017
2017,5,8,2.1,08-05-2017
2017,5,9,2.21,09-05-2017
2017,5,10,2.96,10-05-2017
2017,5,11,0.35,11-05-2017
2017,5,12,1.97,12-05-2017
2017,5,13,2.61,13-05-2017
2017,5,14,0.61,14-05-2017
2017,5,15,0.09,15-05-2017
2017,5,16,0.01,16-05-2017
2017,5,17,2.49,17-05-2017
2017,5,18,11.42,18-05-2017
2017,5,19,0.81,19-05-2017
2017,5,20,1.97,20-05-2017
2017,5,21,1.21,21-05-2017
2017,5,22,6.41,22-05-2017
2017,5,23,1.98,23-05-2017
2017,5,24,0.19,24-05-2017
2017,5,25,0.71,25-05-2017
2017,5,26,2.1,26-05-2017
2017,5,27,2.94,27-05-2017
2017,5,28,0.47,28-05-2017
2017,5,29,0.1,29-05-2017
2017,5,30,0.03,30-05-2017
2017,5,31,0.65,31-05-2017
2017,6,1,0.32,01-06-2017
2017,6,2,1.97,02-06-2017
2017,6,3,0.08,03-06-2017
2017,6,4,0.01,04-06-2017
2017,6,5,3.35,05-06-2017
2017,6,6,3.09,06-06-2017
2017,6,7,4.65,07-06-2017
2017,6,8,0.35,08-06-2017
2017,6,9,0.85,09-06-2017
2017,6,10,0.33,10-06-2017
2017,6,11,0.03,11-06-2017
2017,6,12,0.13,12-06-2017
2017,6,13,0,13-06-2017
2017,6,14,3.37,14-06-2017
2017,6,15,0.97,15-06-2017
2017,6,16,3.58,16-06-2017
2017,6,17,0.96,17-06-2017
2017,6,18,0,18-06-2017
2017,6,19,0.83,19-06-2017
2017,6,20,4.25,20-06-2017
2017,6,21,0.09,21-06-2017
2017,6,22,0.04,22-06-2017
2017,6,23,0.32,23-06-2017
2017,6,24,2.36,24-06-2017
2017,6,25,0.94,25-06-2017
2017,6,26,0.3,26-06-2017
2017,6,27,1.19,27-06-2017
2017,6,28,0.07,28-06-2017
2017,6,29,0,29-06-2017
2017,6,30,0.07,30-06-2017
2017,7,1,0.01,01-07-2017
2017,7,2,2.05,02-07-2017
2017,7,3,0.75,03-07-2017
2017,7,4,1.49,04-07-2017
2017,7,5,0.28,05-07-2017
2017,7,6,2.69,06-07-2017
2017,7,7,0.74,07-07-2017
2017,7,8,1.8,08-07-2017
2017,7,9,1.2,09-07-2017
2017,7,10,0.04,10-07-2017
2017,7,11,0.79,11-07-2017
2017,7,12,0.64,12-07-2017
2017,7,13,0.21,13-07-2017
2017,7,14,0,14-07-2017
2017,7,15,0,15-07-2017
2017,7,16,0,16-07-2017
2017,7,17,0,17-07-2017
2017,7,18,0.01,18-07-2017
2017,7,19,0.17,19-07-2017
2017,7,20,0.27,20-07-2017
2017,7,21,0.07,21-07-2017
2017,7,22,0,22-07-2017
2017,7,23,0,23-07-2017
2017,7,24,0.03,24-07-2017
2017,7,25,0.03,25-07-2017
2017,7,26,0.01,26-07-2017
2017,7,27,1.56,27-07-2017
2017,7,28,0.84,28-07-2017
2017,7,29,2.45,29-07-2017
2017,7,30,5.04,30-07-2017
2017,7,31,27.41,31-07-2017
2017,8,1,4.73,01-08-2017
2017,8,2,4.33,02-08-2017
2017,8,3,0.29,03-08-2017
2017,8,4,0.01,04-08-2017
2017,8,5,0.09,05-08-2017
2017,8,6,0.5,06-08-2017
2017,8,7,0.99,07-08-2017
2017,8,8,6.82,08-08-2017
2017,8,9,22.11,09-08-2017
2017,8,10,10.35,10-08-2017
2017,8,11,4.36,11-08-2017
2017,8,12,2.59,12-08-2017
2017,8,13,17.66,13-08-2017
2017,8,14,10.68,14-08-2017
2017,8,15,5.22,15-08-2017
2017,8,16,5.01,16-08-2017
2017,8,17,1.76,17-08-2017
2017,8,18,6.21,18-08-2017
2017,8,19,1.11,19-08-2017
2017,8,20,3.23,20-08-2017
2017,8,21,1.45,21-08-2017
2017,8,22,0.7,22-08-2017
2017,8,23,1.07,23-08-2017
2017,8,24,5.97,24-08-2017
2017,8,25,0.53,25-08-2017
2017,8,26,2.14,26-08-2017
2017,8,27,0.17,27-08-2017
2017,8,28,0.19,28-08-2017
2017,8,29,0.04,29-08-2017
2017,8,30,6.43,30-08-2017
2017,8,31,1.39,31-08-2017
2017,9,1,12.78,01-09-2017
2017,9,2,21.72,02-09-2017
2017,9,3,0.84,03-09-2017
2017,9,4,8.63,04-09-2017
2017,9,5,5.63,05-09-2017
2017,9,6,4.33,06-09-2017
2017,9,7,4,07-09-2017
2017,9,8,7.28,08-09-2017
2017,9,9,3.31,09-09-2017
2017,9,10,1.35,10-09-2017
2017,9,11,0.45,11-09-2017
2017,9,12,1.9,12-09-2017
2017,9,13,10.35,13-09-2017
2017,9,14,6.1,14-09-2017
2017,9,15,0.04,15-09-2017
2017,9,16,3.87,16-09-2017
2017,9,17,1.75,17-09-2017
2017,9,18,1.66,18-09-2017
2017,9,19,0.03,19-09-2017
2017,9,20,0,20-09-2017
2017,9,21,0,21-09-2017
2017,9,22,0.04,22-09-2017
2017,9,23,0.13,23-09-2017
2017,9,24,14.79,24-09-2017
2017,9,25,11.74,25-09-2017
2017,9,26,3.4,26-09-2017
2017,9,27,7.22,27-09-2017
2017,9,28,9.24,28-09-2017
2017,9,29,0.04,29-09-2017
2017,9,30,0.39,30-09-2017
2017,10,1,0.41,01-10-2017
2017,10,2,0.05,02-10-2017
2017,10,3,3.57,03-10-2017
2017,10,4,6.39,04-10-2017
2017,10,5,8.84,05-10-2017
2017,10,6,3.15,06-10-2017
2017,10,7,0.41,07-10-2017
2017,10,8,2.1,08-10-2017
2017,10,9,2.05,09-10-2017
2017,10,10,6.77,10-10-2017
2017,10,11,6.79,11-10-2017
2017,10,12,4.73,12-10-2017
2017,10,13,3.68,13-10-2017
2017,10,14,6.33,14-10-2017
2017,10,15,0.33,15-10-2017
2017,10,16,0.76,16-10-2017
2017,10,17,0.3,17-10-2017
2017,10,18,0,18-10-2017
2017,10,19,0,19-10-2017
2017,10,20,0.39,20-10-2017
2017,10,21,5.91,21-10-2017
2017,10,22,1.78,22-10-2017
2017,10,23,0.15,23-10-2017
2017,10,24,0.06,24-10-2017
2017,10,25,1.9,25-10-2017
2017,10,26,2.64,26-10-2017
2017,10,27,2.71,27-10-2017
2017,10,28,4.27,28-10-2017
2017,10,29,0.55,29-10-2017
2017,10,30,18.13,30-10-2017
2017,10,31,10.62,31-10-2017
2017,11,1,6.05,01-11-2017
2017,11,2,8.95,02-11-2017
2017,11,3,11.61,03-11-2017
2017,11,4,15.72,04-11-2017
2017,11,5,9.05,05-11-2017
2017,11,6,6.79,06-11-2017
2017,11,7,5.1,07-11-2017
2017,11,8,17.3,08-11-2017
2017,11,9,0.09,09-11-2017
2017,11,10,4.61,10-11-2017
2017,11,11,2.17,11-11-2017
2017,11,12,0.01,12-11-2017
2017,11,13,0.84,13-11-2017
2017,11,14,6.08,14-11-2017
2017,11,15,6.92,15-11-2017
2017,11,16,0.66,16-11-2017
2017,11,17,0.07,17-11-2017
2017,11,18,0.01,18-11-2017
2017,11,19,0.44,19-11-2017
2017,11,20,0.91,20-11-2017
2017,11,21,2.73,21-11-2017
2017,11,22,0.76,22-11-2017
2017,11,23,0,23-11-2017
2017,11,24,0,24-11-2017
2017,11,25,0.62,25-11-2017
2017,11,26,8.36,26-11-2017
2017,11,27,7.1,27-11-2017
2017,11,28,3.57,28-11-2017
2017,11,29,14.72,29-11-2017
2017,11,30,30.44,30-11-2017
2017,12,1,32.8,01-12-2017
2017,12,2,10.42,02-12-2017
2017,12,3,2.35,03-12-2017
2017,12,4,0.02,04-12-2017
2017,12,5,0.03,05-12-2017
2017,12,6,0.01,06-12-2017
2017,12,7,0,07-12-2017
2017,12,8,0,08-12-2017
2017,12,9,0,09-12-2017
2017,12,10,0,10-12-2017
2017,12,11,0.03,11-12-2017
2017,12,12,0.01,12-12-2017
2017,12,13,0.03,13-12-2017
2017,12,14,0.01,14-12-2017
2017,12,15,0.02,15-12-2017
2017,12,16,0,16-12-2017
2017,12,17,0.01,17-12-2017
2017,12,18,0,18-12-2017
2017,12,19,0.73,19-12-2017
2017,12,20,0.63,20-12-2017
2017,12,21,3.23,21-12-2017
2017,12,22,0.32,22-12-2017
2017,12,23,0.04,23-12-2017
2017,12,24,0,24-12-2017
2017,12,25,0.04,25-12-2017
2017,12,26,0,26-12-2017
2017,12,27,0,27-12-2017
2017,12,28,0,28-12-2017
2017,12,29,0,29-12-2017
2017,12,30,0,30-12-2017
2017,12,31,0,31-12-2017
2018,1,1,0,01-01-2018
2018,1,2,0,02-01-2018
2018,1,3,0,03-01-2018
2018,1,4,0,04-01-2018
2018,1,5,0,05-01-2018
2018,1,6,0,06-01-2018
2018,1,7,0,07-01-2018
2018,1,8,0,08-01-2018
2018,1,9,8.49,09-01-2018
2018,1,10,2.89,10-01-2018
2018,1,11,0.71,11-01-2018
2018,1,12,0.08,12-01-2018
2018,1,13,0,13-01-2018
2018,1,14,0,14-01-2018
2018,1,15,0,15-01-2018
2018,1,16,0,16-01-2018
2018,1,17,0,17-01-2018
2018,1,18,0,18-01-2018
2018,1,19,0,19-01-2018
2018,1,20,0,20-01-2018
2018,1,21,0,21-01-2018
2018,1,22,0,22-01-2018
2018,1,23,0,23-01-2018
2018,1,24,0,24-01-2018
2018,1,25,0,25-01-2018
2018,1,26,0,26-01-2018
2018,1,27,0,27-01-2018
2018,1,28,0,28-01-2018
2018,1,29,0,29-01-2018
2018,1,30,0,30-01-2018
2018,1,31,0,31-01-2018
2018,2,1,0,01-02-2018
2018,2,2,0,02-02-2018
2018,2,3,0,03-02-2018
2018,2,4,0,04-02-2018
2018,2,5,0,05-02-2018
2018,2,6,0.2,06-02-2018
2018,2,7,11.36,07-02-2018
2018,2,8,3.1,08-02-2018
2018,2,9,0,09-02-2018
2018,2,10,0.02,10-02-2018
2018,2,11,0,11-02-2018
2018,2,12,0,12-02-2018
2018,2,13,0,13-02-2018
2018,2,14,0,14-02-2018
2018,2,15,0.01,15-02-2018
2018,2,16,0.01,16-02-2018
2018,2,17,0,17-02-2018
2018,2,18,0,18-02-2018
2018,2,19,0,19-02-2018
2018,2,20,0,20-02-2018
2018,2,21,0,21-02-2018
2018,2,22,0,22-02-2018
2018,2,23,0,23-02-2018
2018,2,24,0,24-02-2018
2018,2,25,0,25-02-2018
2018,2,26,0,26-02-2018
2018,2,27,0,27-02-2018
2018,2,28,0.01,28-02-2018
2018,3,1,0.11,01-03-2018
2018,3,2,0,02-03-2018
2018,3,3,0,03-03-2018
2018,3,4,0,04-03-2018
2018,3,5,0,05-03-2018
2018,3,6,0,06-03-2018
2018,3,7,0,07-03-2018
2018,3,8,0,08-03-2018
2018,3,9,0,09-03-2018
2018,3,10,0,10-03-2018
2018,3,11,0,11-03-2018
2018,3,12,0.2,12-03-2018
2018,3,13,1.54,13-03-2018
2018,3,14,0.49,14-03-2018
2018,3,15,0.86,15-03-2018
2018,3,16,1.67,16-03-2018
2018,3,17,4.58,17-03-2018
2018,3,18,0.28,18-03-2018
2018,3,19,0.01,19-03-2018
2018,3,20,0,20-03-2018
2018,3,21,0,21-03-2018
2018,3,22,0,22-03-2018
2018,3,23,0.21,23-03-2018
2018,3,24,0.05,24-03-2018
2018,3,25,0,25-03-2018
2018,3,26,0,26-03-2018
2018,3,27,0,27-03-2018
2018,3,28,0,28-03-2018
2018,3,29,0,29-03-2018
2018,3,30,0.01,30-03-2018
2018,3,31,1.54,31-03-2018
2018,4,1,2,01-04-2018
2018,4,2,0.01,02-04-2018
2018,4,3,0.02,03-04-2018
2018,4,4,0,04-04-2018
2018,4,5,0,05-04-2018
2018,4,6,0,06-04-2018
2018,4,7,0,07-04-2018
2018,4,8,0.01,08-04-2018
2018,4,9,0.49,09-04-2018
2018,4,10,2.28,10-04-2018
2018,4,11,0.14,11-04-2018
2018,4,12,0.08,12-04-2018
2018,4,13,1.3,13-04-2018
2018,4,14,1.25,14-04-2018
2018,4,15,5.19,15-04-2018
2018,4,16,0.94,16-04-2018
2018,4,17,0.01,17-04-2018
2018,4,18,0,18-04-2018
2018,4,19,0,19-04-2018
2018,4,20,0.19,20-04-2018
2018,4,21,0.13,21-04-2018
2018,4,22,0.02,22-04-2018
2018,4,23,0,23-04-2018
2018,4,24,0,24-04-2018
2018,4,25,0.02,25-04-2018
2018,4,26,0.19,26-04-2018
2018,4,27,0.16,27-04-2018
2018,4,28,0,28-04-2018
2018,4,29,0,29-04-2018
2018,4,30,5.37,30-04-2018
2018,5,1,7.38,01-05-2018
2018,5,2,0.72,02-05-2018
2018,5,3,0.79,03-05-2018
2018,5,4,4.87,04-05-2018
2018,5,5,1.76,05-05-2018
2018,5,6,0.9,06-05-2018
2018,5,7,1.25,07-05-2018
2018,5,8,2.36,08-05-2018
2018,5,9,10.77,09-05-2018
2018,5,10,11.31,10-05-2018
2018,5,11,1.12,11-05-2018
2018,5,12,0.37,12-05-2018
2018,5,13,2.09,13-05-2018
2018,5,14,5.75,14-05-2018
2018,5,15,1.93,15-05-2018
2018,5,16,0.84,16-05-2018
2018,5,17,1.38,17-05-2018
2018,5,18,0.15,18-05-2018
2018,5,19,1.46,19-05-2018
2018,5,20,0.96,20-05-2018
2018,5,21,1.24,21-05-2018
2018,5,22,1.28,22-05-2018
2018,5,23,0.88,23-05-2018
2018,5,24,3.06,24-05-2018
2018,5,25,26.74,25-05-2018
2018,5,26,0.8,26-05-2018
2018,5,27,1.76,27-05-2018
2018,5,28,2.12,28-05-2018
2018,5,29,0.15,29-05-2018
2018,5,30,0.01,30-05-2018
2018,5,31,0,31-05-2018
2018,6,1,4.24,01-06-2018
2018,6,2,0.87,02-06-2018
2018,6,3,6.14,03-06-2018
2018,6,4,2.37,04-06-2018
2018,6,5,4.36,05-06-2018
2018,6,6,2.97,06-06-2018
2018,6,7,1.76,07-06-2018
2018,6,8,0.19,08-06-2018
2018,6,9,0.13,09-06-2018
2018,6,10,0.04,10-06-2018
2018,6,11,0.23,11-06-2018
2018,6,12,0.02,12-06-2018
2018,6,13,0.05,13-06-2018
2018,6,14,0.04,14-06-2018
2018,6,15,0.07,15-06-2018
2018,6,16,9.86,16-06-2018
2018,6,17,0.86,17-06-2018
2018,6,18,0.1,18-06-2018
2018,6,19,0.07,19-06-2018
2018,6,20,0.05,20-06-2018
2018,6,21,1.77,21-06-2018
2018,6,22,0.44,22-06-2018
2018,6,23,0.09,23-06-2018
2018,6,24,0.27,24-06-2018
2018,6,25,0.15,25-06-2018
2018,6,26,1.14,26-06-2018
2018,6,27,3.64,27-06-2018
2018,6,28,0.15,28-06-2018
2018,6,29,0.41,29-06-2018
2018,6,30,8.59,30-06-2018
2018,7,1,20.38,01-07-2018
2018,7,2,20.27,02-07-2018
2018,7,3,11.03,03-07-2018
2018,7,4,0.01,04-07-2018
2018,7,5,0.01,05-07-2018
2018,7,6,0.04,06-07-2018
2018,7,7,0.02,07-07-2018
2018,7,8,0.07,08-07-2018
2018,7,9,0.93,09-07-2018
2018,7,10,0.94,10-07-2018
2018,7,11,0.29,11-07-2018
2018,7,12,0.02,12-07-2018
2018,7,13,0.2,13-07-2018
2018,7,14,0,14-07-2018
2018,7,15,0.16,15-07-2018
2018,7,16,0.27,16-07-2018
2018,7,17,0.15,17-07-2018
2018,7,18,0.03,18-07-2018
2018,7,19,2.73,19-07-2018
2018,7,20,1.78,20-07-2018
2018,7,21,0.01,21-07-2018
2018,7,22,0,22-07-2018
2018,7,23,0.05,23-07-2018
2018,7,24,1.89,24-07-2018
2018,7,25,1.31,25-07-2018
2018,7,26,0.11,26-07-2018
2018,7,27,0.02,27-07-2018
2018,7,28,0.03,28-07-2018
2018,7,29,0.01,29-07-2018
2018,7,30,0.06,30-07-2018
2018,7,31,1.75,31-07-2018
2018,8,1,0.15,01-08-2018
2018,8,2,0.31,02-08-2018
2018,8,3,2.16,03-08-2018
2018,8,4,0.74,04-08-2018
2018,8,5,0.05,05-08-2018
2018,8,6,0.95,06-08-2018
2018,8,7,0.07,07-08-2018
2018,8,8,0.14,08-08-2018
2018,8,9,0.16,09-08-2018
2018,8,10,2.55,10-08-2018
2018,8,11,0.34,11-08-2018
2018,8,12,1.18,12-08-2018
2018,8,13,0.33,13-08-2018
2018,8,14,1.06,14-08-2018
2018,8,15,1.31,15-08-2018
2018,8,16,0.57,16-08-2018
2018,8,17,0.01,17-08-2018
2018,8,18,0,18-08-2018
2018,8,19,0,19-08-2018
2018,8,20,0,20-08-2018
2018,8,21,0.02,21-08-2018
2018,8,22,0,22-08-2018
2018,8,23,0.28,23-08-2018
2018,8,24,4.04,24-08-2018
2018,8,25,0.59,25-08-2018
2018,8,26,0.49,26-08-2018
2018,8,27,6.6,27-08-2018
2018,8,28,2.57,28-08-2018
2018,8,29,1.72,29-08-2018
2018,8,30,4.11,30-08-2018
2018,8,31,2.67,31-08-2018
2018,9,1,3.68,01-09-2018
2018,9,2,0.06,02-09-2018
2018,9,3,0,03-09-2018
2018,9,4,0.05,04-09-2018
2018,9,5,0,05-09-2018
2018,9,6,0,06-09-2018
2018,9,7,0,07-09-2018
2018,9,8,0.01,08-09-2018
2018,9,9,0.67,09-09-2018
2018,9,10,4.87,10-09-2018
2018,9,11,0.12,11-09-2018
2018,9,12,0.67,12-09-2018
2018,9,13,2.03,13-09-2018
2018,9,14,8.61,14-09-2018
2018,9,15,6.96,15-09-2018
2018,9,16,19.56,16-09-2018
2018,9,17,2.06,17-09-2018
2018,9,18,0.71,18-09-2018
2018,9,19,0.62,19-09-2018
2018,9,20,0.04,20-09-2018
2018,9,21,0.23,21-09-2018
2018,9,22,0.87,22-09-2018
2018,9,23,5.09,23-09-2018
2018,9,24,3.97,24-09-2018
2018,9,25,4.39,25-09-2018
2018,9,26,0.49,26-09-2018
2018,9,27,22.1,27-09-2018
2018,9,28,4.03,28-09-2018
2018,9,29,7.84,29-09-2018
2018,9,30,6.42,30-09-2018
2018,10,1,1.63,01-10-2018
2018,10,2,1.46,02-10-2018
2018,10,3,14.69,03-10-2018
2018,10,4,14.71,04-10-2018
2018,10,5,13.84,05-10-2018
2018,10,6,13.86,06-10-2018
2018,10,7,2.52,07-10-2018
2018,10,8,10.22,08-10-2018
2018,10,9,8.76,09-10-2018
2018,10,10,0.03,10-10-2018
2018,10,11,0,11-10-2018
2018,10,12,0,12-10-2018
2018,10,13,2.36,13-10-2018
2018,10,14,6.37,14-10-2018
2018,10,15,2.35,15-10-2018
2018,10,16,5.05,16-10-2018
2018,10,17,2.4,17-10-2018
2018,10,18,0.23,18-10-2018
2018,10,19,1.4,19-10-2018
2018,10,20,1.37,20-10-2018
2018,10,21,5.42,21-10-2018
2018,10,22,0.91,22-10-2018
2018,10,23,0,23-10-2018
2018,10,24,0.46,24-10-2018
2018,10,25,0.23,25-10-2018
2018,10,26,0.04,26-10-2018
2018,10,27,0.1,27-10-2018
2018,10,28,0,28-10-2018
2018,10,29,0,29-10-2018
2018,10,30,0.14,30-10-2018
2018,10,31,2.21,31-10-2018
2018,11,1,12.11,01-11-2018
2018,11,2,21.06,02-11-2018
2018,11,3,6.73,03-11-2018
2018,11,4,0.62,04-11-2018
2018,11,5,0.63,05-11-2018
2018,11,6,0.09,06-11-2018
2018,11,7,0.12,07-11-2018
2018,11,8,7.13,08-11-2018
2018,11,9,0.37,09-11-2018
2018,11,10,0,10-11-2018
2018,11,11,0,11-11-2018
2018,11,12,0,12-11-2018
2018,11,13,0,13-11-2018
2018,11,14,0,14-11-2018
2018,11,15,8.06,15-11-2018
2018,11,16,28.82,16-11-2018
2018,11,17,0.59,17-11-2018
2018,11,18,3.61,18-11-2018
2018,11,19,3.27,19-11-2018
2018,11,20,9.57,20-11-2018
2018,11,21,3.54,21-11-2018
2018,11,22,6.42,22-11-2018
2018,11,23,26.82,23-11-2018
2018,11,24,1.53,24-11-2018
2018,11,25,0.12,25-11-2018
2018,11,26,0.01,26-11-2018
2018,11,27,0,27-11-2018
2018,11,28,3.32,28-11-2018
2018,11,29,16.81,29-11-2018
2018,11,30,0.78,30-11-2018
2018,12,1,0.01,01-12-2018
2018,12,2,0.01,02-12-2018
2018,12,3,2.2,03-12-2018
2018,12,4,6.4,04-12-2018
2018,12,5,1.39,05-12-2018
2018,12,6,1.44,06-12-2018
2018,12,7,0.1,07-12-2018
2018,12,8,0,08-12-2018
2018,12,9,0,09-12-2018
2018,12,10,0,10-12-2018
2018,12,11,0,11-12-2018
2018,12,12,0,12-12-2018
2018,12,13,0,13-12-2018
2018,12,14,0.01,14-12-2018
2018,12,15,0,15-12-2018
2018,12,16,0,16-12-2018
2018,12,17,0,17-12-2018
2018,12,18,0,18-12-2018
2018,12,19,0,19-12-2018
2018,12,20,0,20-12-2018
2018,12,21,0.1,21-12-2018
2018,12,22,3.97,22-12-2018
2018,12,23,1.95,23-12-2018
2018,12,24,0.16,24-12-2018
2018,12,25,0.01,25-12-2018
2018,12,26,0,26-12-2018
2018,12,27,0,27-12-2018
2018,12,28,0,28-12-2018
2018,12,29,0.16,29-12-2018
2018,12,30,0.01,30-12-2018
2018,12,31,0,31-12-2018
2019,1,1,0,01-01-2019
2019,1,2,0,02-01-2019
2019,1,3,0,03-01-2019
2019,1,4,0,04-01-2019
2019,1,5,0,05-01-2019
2019,1,6,0,06-01-2019
2019,1,7,0,07-01-2019
2019,1,8,0,08-01-2019
2019,1,9,0,09-01-2019
2019,1,10,0,10-01-2019
2019,1,11,0,11-01-2019
2019,1,12,0,12-01-2019
2019,1,13,0,13-01-2019
2019,1,14,0,14-01-2019
2019,1,15,0.11,15-01-2019
2019,1,16,0,16-01-2019
2019,1,17,0,17-01-2019
2019,1,18,0,18-01-2019
2019,1,19,0,19-01-2019
2019,1,20,0,20-01-2019
2019,1,21,0,21-01-2019
2019,1,22,0,22-01-2019
2019,1,23,0,23-01-2019
2019,1,24,0,24-01-2019
2019,1,25,0,25-01-2019
2019,1,26,0,26-01-2019
2019,1,27,0,27-01-2019
2019,1,28,0,28-01-2019
2019,1,29,0,29-01-2019
2019,1,30,0,30-01-2019
2019,1,31,0,31-01-2019
2019,2,1,0,01-02-2019
2019,2,2,0,02-02-2019
2019,2,3,0,03-02-2019
2019,2,4,0.32,04-02-2019
2019,2,5,0.14,05-02-2019
2019,2,6,0,06-02-2019
2019,2,7,0,07-02-2019
2019,2,8,0,08-02-2019
2019,2,9,0.14,09-02-2019
2019,2,10,0.32,10-02-2019
2019,2,11,0.01,11-02-2019
2019,2,12,0,12-02-2019
2019,2,13,0,13-02-2019
2019,2,14,0,14-02-2019
2019,2,15,0.01,15-02-2019
2019,2,16,0,16-02-2019
2019,2,17,0.53,17-02-2019
2019,2,18,1.23,18-02-2019
2019,2,19,0.38,19-02-2019
2019,2,20,0.01,20-02-2019
2019,2,21,0,21-02-2019
2019,2,22,0,22-02-2019
2019,2,23,0,23-02-2019
2019,2,24,0,24-02-2019
2019,2,25,0,25-02-2019
2019,2,26,0,26-02-2019
2019,2,27,0.05,27-02-2019
2019,2,28,0.05,28-02-2019
2019,3,1,0.1,01-03-2019
2019,3,2,0.09,02-03-2019
2019,3,3,0,03-03-2019
2019,3,4,0,04-03-2019
2019,3,5,0,05-03-2019
2019,3,6,0,06-03-2019
2019,3,7,0.12,07-03-2019
2019,3,8,0,08-03-2019
2019,3,9,0.29,09-03-2019
2019,3,10,0.07,10-03-2019
2019,3,11,0,11-03-2019
2019,3,12,0,12-03-2019
2019,3,13,0,13-03-2019
2019,3,14,0,14-03-2019
2019,3,15,0,15-03-2019
2019,3,16,0,16-03-2019
2019,3,17,0,17-03-2019
2019,3,18,0,18-03-2019
2019,3,19,0,19-03-2019
2019,3,20,0,20-03-2019
2019,3,21,0,21-03-2019
2019,3,22,0,22-03-2019
2019,3,23,0,23-03-2019
2019,3,24,0,24-03-2019
2019,3,25,0,25-03-2019
2019,3,26,0,26-03-2019
2019,3,27,0,27-03-2019
2019,3,28,0,28-03-2019
2019,3,29,0,29-03-2019
2019,3,30,0,30-03-2019
2019,3,31,0,31-03-2019
2019,4,1,0,01-04-2019
2019,4,2,0,02-04-2019
2019,4,3,0,03-04-2019
2019,4,4,0,04-04-2019
2019,4,5,0,05-04-2019
2019,4,6,0,06-04-2019
2019,4,7,0,07-04-2019
2019,4,8,0.03,08-04-2019
2019,4,9,0.11,09-04-2019
2019,4,10,0,10-04-2019
2019,4,11,0,11-04-2019
2019,4,12,0,12-04-2019
2019,4,13,0,13-04-2019
2019,4,14,0,14-04-2019
2019,4,15,0,15-04-2019
2019,4,16,0.22,16-04-2019
2019,4,17,0.5,17-04-2019
2019,4,18,0.47,18-04-2019
2019,4,19,1.22,19-04-2019
2019,4,20,6.38,20-04-2019
2019,4,21,1.2,21-04-2019
2019,4,22,4.91,22-04-2019
2019,4,23,0.81,23-04-2019
2019,4,24,0.04,24-04-2019
2019,4,25,0.05,25-04-2019
2019,4,26,0.09,26-04-2019
2019,4,27,0,27-04-2019
2019,4,28,0,28-04-2019
2019,4,29,0.22,29-04-2019
2019,4,30,0.34,30-04-2019
2019,5,1,1.1,01-05-2019
2019,5,2,0,02-05-2019
2019,5,3,0,03-05-2019
2019,5,4,0,04-05-2019
2019,5,5,0.04,05-05-2019
2019,5,6,0.02,06-05-2019
2019,5,7,1.02,07-05-2019
2019,5,8,1.53,08-05-2019
2019,5,9,0.89,09-05-2019
2019,5,10,0.22,10-05-2019
2019,5,11,0.01,11-05-2019
2019,5,12,0.02,12-05-2019
2019,5,13,0.09,13-05-2019
2019,5,14,0.29,14-05-2019
2019,5,15,1.25,15-05-2019
2019,5,16,0.53,16-05-2019
2019,5,17,4.04,17-05-2019
2019,5,18,1.67,18-05-2019
2019,5,19,0.13,19-05-2019
2019,5,20,0,20-05-2019
2019,5,21,0,21-05-2019
2019,5,22,0.07,22-05-2019
2019,5,23,0.17,23-05-2019
2019,5,24,0.14,24-05-2019
2019,5,25,0.17,25-05-2019
2019,5,26,0.12,26-05-2019
2019,5,27,0.09,27-05-2019
2019,5,28,0.79,28-05-2019
2019,5,29,1.36,29-05-2019
2019,5,30,4.12,30-05-2019
2019,5,31,1.84,31-05-2019
2019,6,1,0.36,01-06-2019
2019,6,2,3.56,02-06-2019
2019,6,3,0.61,03-06-2019
2019,6,4,7.82,04-06-2019
2019,6,5,10.76,05-06-2019
2019,6,6,0.31,06-06-2019
2019,6,7,1.09,07-06-2019
2019,6,8,0.24,08-06-2019
2019,6,9,1.52,09-06-2019
2019,6,10,0.05,10-06-2019
2019,6,11,0.06,11-06-2019
2019,6,12,0,12-06-2019
2019,6,13,0.45,13-06-2019
2019,6,14,0.26,14-06-2019
2019,6,15,2.17,15-06-2019
2019,6,16,0.38,16-06-2019
2019,6,17,0,17-06-2019
2019,6,18,0.11,18-06-2019
2019,6,19,0.06,19-06-2019
2019,6,20,0.01,20-06-2019
2019,6,21,0.05,21-06-2019
2019,6,22,0.04,22-06-2019
2019,6,23,0.13,23-06-2019
2019,6,24,0.47,24-06-2019
2019,6,25,1.93,25-06-2019
2019,6,26,2.44,26-06-2019
2019,6,27,0.19,27-06-2019
2019,6,28,0,28-06-2019
2019,6,29,0,29-06-2019
2019,6,30,0,30-06-2019
2019,7,1,0,01-07-2019
2019,7,2,0,02-07-2019
2019,7,3,0.18,03-07-2019
2019,7,4,1.09,04-07-2019
2019,7,5,0.12,05-07-2019
2019,7,6,0,06-07-2019
2019,7,7,0,07-07-2019
2019,7,8,0,08-07-2019
2019,7,9,0.39,09-07-2019
2019,7,10,7.14,10-07-2019
2019,7,11,0.33,11-07-2019
2019,7,12,0.23,12-07-2019
2019,7,13,1.96,13-07-2019
2019,7,14,6.14,14-07-2019
2019,7,15,3.87,15-07-2019
2019,7,16,0.35,16-07-2019
2019,7,17,1.43,17-07-2019
2019,7,18,7.63,18-07-2019
2019,7,19,1.05,19-07-2019
2019,7,20,0.03,20-07-2019
2019,7,21,0.17,21-07-2019
2019,7,22,1.47,22-07-2019
2019,7,23,5.58,23-07-2019
2019,7,24,0.41,24-07-2019
2019,7,25,6.14,25-07-2019
2019,7,26,1.77,26-07-2019
2019,7,27,0.01,27-07-2019
2019,7,28,0.16,28-07-2019
2019,7,29,0.63,29-07-2019
2019,7,30,0.15,30-07-2019
2019,7,31,0,31-07-2019
2019,8,1,0,01-08-2019
2019,8,2,0,02-08-2019
2019,8,3,0,03-08-2019
2019,8,4,0.28,04-08-2019
2019,8,5,0.74,05-08-2019
2019,8,6,0.7,06-08-2019
2019,8,7,1.52,07-08-2019
2019,8,8,3.74,08-08-2019
2019,8,9,2.77,09-08-2019
2019,8,10,0.06,10-08-2019
2019,8,11,0.01,11-08-2019
2019,8,12,0.65,12-08-2019
2019,8,13,3.06,13-08-2019
2019,8,14,2.82,14-08-2019
2019,8,15,0.33,15-08-2019
2019,8,16,12.05,16-08-2019
2019,8,17,21.65,17-08-2019
2019,8,18,7.1,18-08-2019
2019,8,19,33.1,19-08-2019
2019,8,20,7.35,20-08-2019
2019,8,21,10.39,21-08-2019
2019,8,22,4.24,22-08-2019
2019,8,23,2.85,23-08-2019
2019,8,24,0.13,24-08-2019
2019,8,25,2.75,25-08-2019
2019,8,26,0.72,26-08-2019
2019,8,27,0,27-08-2019
2019,8,28,0.81,28-08-2019
2019,8,29,4.07,29-08-2019
2019,8,30,0.22,30-08-2019
2019,8,31,1.46,31-08-2019
2019,9,1,0.37,01-09-2019
2019,9,2,3.55,02-09-2019
2019,9,3,2.78,03-09-2019
2019,9,4,2.23,04-09-2019
2019,9,5,0.38,05-09-2019
2019,9,6,0.12,06-09-2019
2019,9,7,0,07-09-2019
2019,9,8,0.01,08-09-2019
2019,9,9,0,09-09-2019
2019,9,10,1.31,10-09-2019
2019,9,11,11.9,11-09-2019
2019,9,12,7.65,12-09-2019
2019,9,13,15.4,13-09-2019
2019,9,14,3.72,14-09-2019
2019,9,15,7.07,15-09-2019
2019,9,16,20.18,16-09-2019
2019,9,17,16.6,17-09-2019
2019,9,18,10.67,18-09-2019
2019,9,19,17.12,19-09-2019
2019,9,20,0.87,20-09-2019
2019,9,21,1.59,21-09-2019
2019,9,22,4.07,22-09-2019
2019,9,23,23.72,23-09-2019
2019,9,24,13.53,24-09-2019
2019,9,25,9.6,25-09-2019
2019,9,26,2.47,26-09-2019
2019,9,27,0.33,27-09-2019
2019,9,28,1.04,28-09-2019
2019,9,29,2.63,29-09-2019
2019,9,30,13.24,30-09-2019
2019,10,1,0.91,01-10-2019
2019,10,2,0.59,02-10-2019
2019,10,3,0.15,03-10-2019
2019,10,4,0.43,04-10-2019
2019,10,5,1.57,05-10-2019
2019,10,6,1.08,06-10-2019
2019,10,7,5.66,07-10-2019
2019,10,8,0.98,08-10-2019
2019,10,9,0.38,09-10-2019
2019,10,10,0.23,10-10-2019
2019,10,11,1,11-10-2019
2019,10,12,1.86,12-10-2019
2019,10,13,4.48,13-10-2019
2019,10,14,2.97,14-10-2019
2019,10,15,6.27,15-10-2019
2019,10,16,19.03,16-10-2019
2019,10,17,14.28,17-10-2019
2019,10,18,4.51,18-10-2019
2019,10,19,3.46,19-10-2019
2019,10,20,9.18,20-10-2019
2019,10,21,20.85,21-10-2019
2019,10,22,11.27,22-10-2019
2019,10,23,19.11,23-10-2019
2019,10,24,2.38,24-10-2019
2019,10,25,0.52,25-10-2019
2019,10,26,0.08,26-10-2019
2019,10,27,2.9,27-10-2019
2019,10,28,9.24,28-10-2019
2019,10,29,13.27,29-10-2019
2019,10,30,25.94,30-10-2019
2019,10,31,6.37,31-10-2019
2019,11,1,0.52,01-11-2019
2019,11,2,0.11,02-11-2019
2019,11,3,3.62,03-11-2019
2019,11,4,0.56,04-11-2019
2019,11,5,0,05-11-2019
2019,11,6,0.06,06-11-2019
2019,11,7,2.17,07-11-2019
2019,11,8,7.57,08-11-2019
2019,11,9,10.72,09-11-2019
2019,11,10,0.23,10-11-2019
2019,11,11,0.2,11-11-2019
2019,11,12,0.03,12-11-2019
2019,11,13,0.6,13-11-2019
2019,11,14,3.4,14-11-2019
2019,11,15,3.07,15-11-2019
2019,11,16,3.44,16-11-2019
2019,11,17,1,17-11-2019
2019,11,18,6.91,18-11-2019
2019,11,19,2.61,19-11-2019
2019,11,20,3.73,20-11-2019
2019,11,21,3.18,21-11-2019
2019,11,22,6.63,22-11-2019
2019,11,23,4.12,23-11-2019
2019,11,24,2.17,24-11-2019
2019,11,25,1.56,25-11-2019
2019,11,26,3.3,26-11-2019
2019,11,27,7.81,27-11-2019
2019,11,28,19.56,28-11-2019
2019,11,29,19.68,29-11-2019
2019,11,30,26.79,30-11-2019
2019,12,1,20.49,01-12-2019
2019,12,2,8.44,02-12-2019
2019,12,3,2.42,03-12-2019
2019,12,4,0.32,04-12-2019
2019,12,5,0.85,05-12-2019
2019,12,6,0.79,06-12-2019
2019,12,7,6.57,07-12-2019
2019,12,8,0.43,08-12-2019
2019,12,9,0.01,09-12-2019
2019,12,10,0,10-12-2019
2019,12,11,0,11-12-2019
2019,12,12,0.43,12-12-2019
2019,12,13,11.47,13-12-2019
2019,12,14,10.4,14-12-2019
2019,12,15,1.3,15-12-2019
2019,12,16,1.18,16-12-2019
2019,12,17,1.2,17-12-2019
2019,12,18,0.25,18-12-2019
2019,12,19,0.14,19-12-2019
2019,12,20,0.05,20-12-2019
2019,12,21,0,21-12-2019
2019,12,22,0.05,22-12-2019
2019,12,23,0.01,23-12-2019
2019,12,24,12.36,24-12-2019
2019,12,25,2.74,25-12-2019
2019,12,26,0.03,26-12-2019
2019,12,27,0,27-12-2019
2019,12,28,0,28-12-2019
2019,12,29,0.01,29-12-2019
2019,12,30,0.57,30-12-2019
2019,12,31,0.15,31-12-2019
2020,1,1,0.32,01-01-2020
2020,1,2,0.05,02-01-2020
2020,1,3,0,03-01-2020
2020,1,4,0,04-01-2020
2020,1,5,0.04,05-01-2020
2020,1,6,1.23,06-01-2020
2020,1,7,0.87,07-01-2020
2020,1,8,0.14,08-01-2020
2020,1,9,0,09-01-2020
2020,1,10,0,10-01-2020
2020,1,11,0,11-01-2020
2020,1,12,0,12-01-2020
2020,1,13,0,13-01-2020
2020,1,14,0,14-01-2020
2020,1,15,0,15-01-2020
2020,1,16,0,16-01-2020
2020,1,17,0.22,17-01-2020
2020,1,18,5.11,18-01-2020
2020,1,19,0.7,19-01-2020
2020,1,20,0,20-01-2020
2020,1,21,0.02,21-01-2020
2020,1,22,0.02,22-01-2020
2020,1,23,0.02,23-01-2020
2020,1,24,0,24-01-2020
2020,1,25,0,25-01-2020
2020,1,26,0,26-01-2020
2020,1,27,0,27-01-2020
2020,1,28,0,28-01-2020
2020,1,29,0,29-01-2020
2020,1,30,0,30-01-2020
2020,1,31,0,31-01-2020
2020,2,1,0,01-02-2020
2020,2,2,0,02-02-2020
2020,2,3,0,03-02-2020
2020,2,4,0.01,04-02-2020
2020,2,5,0.01,05-02-2020
2020,2,6,0,06-02-2020
2020,2,7,0,07-02-2020
2020,2,8,0,08-02-2020
2020,2,9,0.01,09-02-2020
2020,2,10,0.05,10-02-2020
2020,2,11,0.02,11-02-2020
2020,2,12,0.05,12-02-2020
2020,2,13,0,13-02-2020
2020,2,14,0,14-02-2020
2020,2,15,0,15-02-2020
2020,2,16,0,16-02-2020
2020,2,17,0,17-02-2020
2020,2,18,0,18-02-2020
2020,2,19,0,19-02-2020
2020,2,20,0,20-02-2020
2020,2,21,0.09,21-02-2020
2020,2,22,0.11,22-02-2020
2020,2,23,0,23-02-2020
2020,2,24,0,24-02-2020
2020,2,25,0,25-02-2020
2020,2,26,0,26-02-2020
2020,2,27,0,27-02-2020
2020,2,28,0,28-02-2020
2020,2,29,0,29-02-2020
2020,3,1,0.01,01-03-2020
2020,3,2,0.01,02-03-2020
2020,3,3,0.01,03-03-2020
2020,3,4,0.01,04-03-2020
2020,3,5,0,05-03-2020
2020,3,6,0,06-03-2020
2020,3,7,0,07-03-2020
2020,3,8,0.12,08-03-2020
2020,3,9,0,09-03-2020
2020,3,10,0,10-03-2020
2020,3,11,0,11-03-2020
2020,3,12,0,12-03-2020
2020,3,13,0,13-03-2020
2020,3,14,0,14-03-2020
2020,3,15,0,15-03-2020
2020,3,16,0,16-03-2020
2020,3,17,0,17-03-2020
2020,3,18,0,18-03-2020
2020,3,19,0,19-03-2020
2020,3,20,0.03,20-03-2020
2020,3,21,0.06,21-03-2020
2020,3,22,0,22-03-2020
2020,3,23,0,23-03-2020
2020,3,24,0,24-03-2020
2020,3,25,0,25-03-2020
2020,3,26,0,26-03-2020
2020,3,27,0,27-03-2020
2020,3,28,0,28-03-2020
2020,3,29,0,29-03-2020
2020,3,30,0,30-03-2020
2020,3,31,0,31-03-2020
2020,4,1,0,01-04-2020
2020,4,2,0,02-04-2020
2020,4,3,0,03-04-2020
2020,4,4,0.16,04-04-2020
2020,4,5,1.81,05-04-2020
2020,4,6,0.12,06-04-2020
2020,4,7,0.72,07-04-2020
2020,4,8,1.26,08-04-2020
2020,4,9,4.48,09-04-2020
2020,4,10,0.74,10-04-2020
2020,4,11,0.01,11-04-2020
2020,4,12,0,12-04-2020
2020,4,13,0,13-04-2020
2020,4,14,0,14-04-2020
2020,4,15,0,15-04-2020
2020,4,16,0.02,16-04-2020
2020,4,17,0.14,17-04-2020
2020,4,18,0.08,18-04-2020
2020,4,19,0.46,19-04-2020
2020,4,20,0.09,20-04-2020
2020,4,21,0,21-04-2020
2020,4,22,0.01,22-04-2020
2020,4,23,0.73,23-04-2020
2020,4,24,0.06,24-04-2020
2020,4,25,0.66,25-04-2020
2020,4,26,2.78,26-04-2020
2020,4,27,2.8,27-04-2020
2020,4,28,1.64,28-04-2020
2020,4,29,1.82,29-04-2020
2020,4,30,0.15,30-04-2020
2020,5,1,0.08,01-05-2020
2020,5,2,0.57,02-05-2020
2020,5,3,0.68,03-05-2020
2020,5,4,0,04-05-2020
2020,5,5,0,05-05-2020
2020,5,6,0.05,06-05-2020
2020,5,7,0.27,07-05-2020
2020,5,8,0.2,08-05-2020
2020,5,9,0.2,09-05-2020
2020,5,10,0.42,10-05-2020
2020,5,11,1.02,11-05-2020
2020,5,12,0.75,12-05-2020
2020,5,13,1.45,13-05-2020
2020,5,14,0.07,14-05-2020
2020,5,15,0.41,15-05-2020
2020,5,16,0.11,16-05-2020
2020,5,17,4.15,17-05-2020
2020,5,18,0.54,18-05-2020
2020,5,19,0.01,19-05-2020
2020,5,20,0,20-05-2020
2020,5,21,0.07,21-05-2020
2020,5,22,0,22-05-2020
2020,5,23,0.01,23-05-2020
2020,5,24,0.63,24-05-2020
2020,5,25,0.3,25-05-2020
2020,5,26,0.07,26-05-2020
2020,5,27,0.26,27-05-2020
2020,5,28,6.95,28-05-2020
2020,5,29,1,29-05-2020
2020,5,30,0.01,30-05-2020
2020,5,31,0.77,31-05-2020
2020,6,1,9.91,01-06-2020
2020,6,2,6.8,02-06-2020
2020,6,3,0.01,03-06-2020
2020,6,4,0,04-06-2020
2020,6,5,2.98,05-06-2020
2020,6,6,4.64,06-06-2020
2020,6,7,3.91,07-06-2020
2020,6,8,0.03,08-06-2020
2020,6,9,0.13,09-06-2020
2020,6,10,1.36,10-06-2020
2020,6,11,0.19,11-06-2020
2020,6,12,0,12-06-2020
2020,6,13,0,13-06-2020
2020,6,14,0,14-06-2020
2020,6,15,0,15-06-2020
2020,6,16,0.01,16-06-2020
2020,6,17,0.14,17-06-2020
2020,6,18,0.52,18-06-2020
2020,6,19,0.02,19-06-2020
2020,6,20,0.49,20-06-2020
2020,6,21,0.61,21-06-2020
2020,6,22,0.07,22-06-2020
2020,6,23,0.58,23-06-2020
2020,6,24,3.5,24-06-2020
2020,6,25,12.2,25-06-2020
2020,6,26,7.5,26-06-2020
2020,6,27,1.27,27-06-2020
2020,6,28,2.54,28-06-2020
2020,6,29,1.26,29-06-2020
2020,6,30,0.76,30-06-2020
2020,7,1,0.14,01-07-2020
2020,7,2,2.65,02-07-2020
2020,7,3,5.99,03-07-2020
2020,7,4,0.63,04-07-2020
2020,7,5,0.16,05-07-2020
2020,7,6,0.24,06-07-2020
2020,7,7,2.25,07-07-2020
2020,7,8,2.87,08-07-2020
2020,7,9,16.63,09-07-2020
2020,7,10,1.88,10-07-2020
2020,7,11,16.33,11-07-2020
2020,7,12,3.68,12-07-2020
2020,7,13,0.12,13-07-2020
2020,7,14,11.6,14-07-2020
2020,7,15,2.88,15-07-2020
2020,7,16,0.87,16-07-2020
2020,7,17,0.09,17-07-2020
2020,7,18,1.41,18-07-2020
2020,7,19,8.1,19-07-2020
2020,7,20,13.59,20-07-2020
2020,7,21,0.9,21-07-2020
2020,7,22,0.25,22-07-2020
2020,7,23,4.77,23-07-2020
2020,7,24,14.35,24-07-2020
2020,7,25,11.08,25-07-2020
2020,7,26,1.11,26-07-2020
2020,7,27,1.8,27-07-2020
2020,7,28,5.43,28-07-2020
2020,7,29,13.37,29-07-2020
2020,7,30,0.28,30-07-2020
2020,7,31,10.39,31-07-2020
2020,8,1,3.52,01-08-2020
2020,8,2,1.12,02-08-2020
2020,8,3,0.74,03-08-2020
2020,8,4,0.38,04-08-2020
2020,8,5,0.03,05-08-2020
2020,8,6,0.18,06-08-2020
2020,8,7,0.02,07-08-2020
2020,8,8,8.21,08-08-2020
2020,8,9,6.65,09-08-2020
2020,8,10,0.09,10-08-2020
2020,8,11,4.23,11-08-2020
2020,8,12,0.14,12-08-2020
2020,8,13,0,13-08-2020
2020,8,14,0,14-08-2020
2020,8,15,0,15-08-2020
2020,8,16,0,16-08-2020
2020,8,17,0,17-08-2020
2020,8,18,1.52,18-08-2020
2020,8,19,0.31,19-08-2020
2020,8,20,0,20-08-2020
2020,8,21,0.02,21-08-2020
2020,8,22,4.27,22-08-2020
2020,8,23,16.37,23-08-2020
2020,8,24,25.38,24-08-2020
2020,8,25,4.04,25-08-2020
2020,8,26,0.94,26-08-2020
2020,8,27,1.15,27-08-2020
2020,8,28,0.2,28-08-2020
2020,8,29,0.17,29-08-2020
2020,8,30,2.53,30-08-2020
2020,8,31,6.53,31-08-2020
2020,9,1,9.87,01-09-2020
2020,9,2,9.52,02-09-2020
2020,9,3,4.75,03-09-2020
2020,9,4,2.99,04-09-2020
2020,9,5,1.25,05-09-2020
2020,9,6,9.53,06-09-2020
2020,9,7,1.34,07-09-2020
2020,9,8,2.22,08-09-2020
2020,9,9,17.16,09-09-2020
2020,9,10,7.57,10-09-2020
2020,9,11,2.01,11-09-2020
2020,9,12,0.2,12-09-2020
2020,9,13,3.92,13-09-2020
2020,9,14,0.66,14-09-2020
2020,9,15,0.59,15-09-2020
2020,9,16,0,16-09-2020
2020,9,17,0.51,17-09-2020
2020,9,18,0.19,18-09-2020
2020,9,19,0.26,19-09-2020
2020,9,20,0.21,20-09-2020
2020,9,21,0.13,21-09-2020
2020,9,22,0,22-09-2020
2020,9,23,0,23-09-2020
2020,9,24,0.01,24-09-2020
2020,9,25,1.6,25-09-2020
2020,9,26,0.46,26-09-2020
2020,9,27,11.38,27-09-2020
2020,9,28,9.87,28-09-2020
2020,9,29,29.4,29-09-2020
2020,9,30,10.12,30-09-2020
2020,10,1,0.1,01-10-2020
2020,10,2,0.61,02-10-2020
2020,10,3,5.33,03-10-2020
2020,10,4,0.03,04-10-2020
2020,10,5,0.4,05-10-2020
2020,10,6,3.67,06-10-2020
2020,10,7,7.45,07-10-2020
2020,10,8,9.46,08-10-2020
2020,10,9,6.42,09-10-2020
2020,10,10,1.42,10-10-2020
2020,10,11,0.11,11-10-2020
2020,10,12,0.13,12-10-2020
2020,10,13,0.2,13-10-2020
2020,10,14,0.05,14-10-2020
2020,10,15,0.02,15-10-2020
2020,10,16,4.08,16-10-2020
2020,10,17,7.07,17-10-2020
2020,10,18,9.09,18-10-2020
2020,10,19,11.05,19-10-2020
2020,10,20,5.57,20-10-2020
2020,10,21,3.01,21-10-2020
2020,10,22,1.07,22-10-2020
2020,10,23,0.51,23-10-2020
2020,10,24,0.09,24-10-2020
2020,10,25,13.03,25-10-2020
2020,10,26,0.02,26-10-2020
2020,10,27,0.01,27-10-2020
2020,10,28,0.16,28-10-2020
2020,10,29,0.47,29-10-2020
2020,10,30,1.4,30-10-2020
2020,10,31,0.8,31-10-2020
2020,11,1,0.11,01-11-2020
2020,11,2,0.22,02-11-2020
2020,11,3,0.27,03-11-2020
2020,11,4,1.04,04-11-2020
2020,11,5,5.6,05-11-2020
2020,11,6,4.25,06-11-2020
2020,11,7,0.92,07-11-2020
2020,11,8,3.46,08-11-2020
2020,11,9,0.04,09-11-2020
2020,11,10,0.01,10-11-2020
2020,11,11,2.5,11-11-2020
2020,11,12,14.54,12-11-2020
2020,11,13,14.3,13-11-2020
2020,11,14,4.11,14-11-2020
2020,11,15,9.38,15-11-2020
2020,11,16,25.58,16-11-2020
2020,11,17,24.73,17-11-2020
2020,11,18,5.85,18-11-2020
2020,11,19,1.21,19-11-2020
2020,11,20,0.32,20-11-2020
2020,11,21,0,21-11-2020
2020,11,22,0,22-11-2020
2020,11,23,0.17,23-11-2020
2020,11,24,2.18,24-11-2020
2020,11,25,4.7,25-11-2020
2020,11,26,39.34,26-11-2020
2020,11,27,6.34,27-11-2020
2020,11,28,2.53,28-11-2020
2020,11,29,0.95,29-11-2020
2020,11,30,1.35,30-11-2020
2020,12,1,0.33,01-12-2020
2020,12,2,18.72,02-12-2020
2020,12,3,53.75,03-12-2020
2020,12,4,27.59,04-12-2020
2020,12,5,8.75,05-12-2020
2020,12,6,14.32,06-12-2020
2020,12,7,7.26,07-12-2020
2020,12,8,7.77,08-12-2020
2020,12,9,1.65,09-12-2020
2020,12,10,0.03,10-12-2020
2020,12,11,0,11-12-2020
2020,12,12,0,12-12-2020
2020,12,13,0,13-12-2020
2020,12,14,0,14-12-2020
2020,12,15,1.62,15-12-2020
2020,12,16,21.29,16-12-2020
2020,12,17,10.97,17-12-2020
2020,12,18,11.98,18-12-2020
2020,12,19,1.33,19-12-2020
2020,12,20,0.04,20-12-2020
2020,12,21,0,21-12-2020
2020,12,22,0.02,22-12-2020
2020,12,23,0.01,23-12-2020
2020,12,24,0,24-12-2020
2020,12,25,0.01,25-12-2020
2020,12,26,0,26-12-2020
2020,12,27,0.02,27-12-2020
2020,12,28,0.01,28-12-2020
2020,12,29,1.41,29-12-2020
2020,12,30,6.5,30-12-2020
2020,12,31,9.73,31-12-2020
2021,1,1,0.49,01-01-2021
2021,1,2,2.37,02-01-2021
2021,1,3,8.83,03-01-2021
2021,1,4,2.55,04-01-2021
2021,1,5,2.29,05-01-2021
2021,1,6,10.46,06-01-2021
2021,1,7,11.16,07-01-2021
2021,1,8,6.79,08-01-2021
2021,1,9,4.59,09-01-2021
2021,1,10,6.34,10-01-2021
2021,1,11,23.21,11-01-2021
2021,1,12,22.26,12-01-2021
2021,1,13,16.86,13-01-2021
2021,1,14,14.33,14-01-2021
2021,1,15,7.77,15-01-2021
2021,1,16,0.3,16-01-2021
2021,1,17,0.01,17-01-2021
2021,1,18,0,18-01-2021
2021,1,19,0,19-01-2021
2021,1,20,0.37,20-01-2021
2021,1,21,0.64,21-01-2021
2021,1,22,0.14,22-01-2021
2021,1,23,0.06,23-01-2021
2021,1,24,0,24-01-2021
2021,1,25,0,25-01-2021
2021,1,26,0,26-01-2021
2021,1,27,0,27-01-2021
2021,1,28,0,28-01-2021
2021,1,29,0.35,29-01-2021
2021,1,30,0.01,30-01-2021
2021,1,31,0,31-01-2021
2021,2,1,0.01,01-02-2021
2021,2,2,0.03,02-02-2021
2021,2,3,0,03-02-2021
2021,2,4,0,04-02-2021
2021,2,5,0,05-02-2021
2021,2,6,0,06-02-2021
2021,2,7,0,07-02-2021
2021,2,8,0,08-02-2021
2021,2,9,0,09-02-2021
2021,2,10,0,10-02-2021
2021,2,11,0,11-02-2021
2021,2,12,0,12-02-2021
2021,2,13,0,13-02-2021
2021,2,14,0,14-02-2021
2021,2,15,0,15-02-2021
2021,2,16,0,16-02-2021
2021,2,17,0,17-02-2021
2021,2,18,0.01,18-02-2021
2021,2,19,0.08,19-02-2021
2021,2,20,2.34,20-02-2021
2021,2,21,5.73,21-02-2021
2021,2,22,0.56,22-02-2021
2021,2,23,0,23-02-2021
2021,2,24,0,24-02-2021
2021,2,25,0,25-02-2021
2021,2,26,0,26-02-2021
2021,2,27,0,27-02-2021
2021,2,28,0,28-02-2021
2021,3,1,0,01-03-2021
2021,3,2,0,02-03-2021
2021,3,3,0,03-03-2021
2021,3,4,0,04-03-2021
2021,3,5,0,05-03-2021
2021,3,6,0,06-03-2021
2021,3,7,0,07-03-2021
2021,3,8,0,08-03-2021
2021,3,9,0,09-03-2021
2021,3,10,4.07,10-03-2021
2021,3,11,1.36,11-03-2021
2021,3,12,0.05,12-03-2021
2021,3,13,0,13-03-2021
2021,3,14,0,14-03-2021
2021,3,15,0,15-03-2021
2021,3,16,0,16-03-2021
2021,3,17,0,17-03-2021
2021,3,18,0,18-03-2021
2021,3,19,0,19-03-2021
2021,3,20,0,20-03-2021
2021,3,21,0,21-03-2021
2021,3,22,0.21,22-03-2021
2021,3,23,0,23-03-2021
2021,3,24,0,24-03-2021
2021,3,25,0,25-03-2021
2021,3,26,0.02,26-03-2021
2021,3,27,0,27-03-2021
2021,3,28,0.06,28-03-2021
2021,3,29,0.01,29-03-2021
2021,3,30,0,30-03-2021
2021,3,31,0,31-03-2021
2021,4,1,0.17,01-04-2021
2021,4,2,0.05,02-04-2021
2021,4,3,0,03-04-2021
2021,4,4,0.3,04-04-2021
2021,4,5,0.03,05-04-2021
2021,4,6,0.31,06-04-2021
2021,4,7,0,07-04-2021
2021,4,8,0,08-04-2021
2021,4,9,0,09-04-2021
2021,4,10,0.09,10-04-2021
2021,4,11,0.56,11-04-2021
2021,4,12,2.54,12-04-2021
2021,4,13,0.84,13-04-2021
2021,4,14,6.83,14-04-2021
2021,4,15,9.17,15-04-2021
2021,4,16,2.01,16-04-2021
2021,4,17,0.02,17-04-2021
2021,4,18,0.04,18-04-2021
2021,4,19,0.07,19-04-2021
2021,4,20,0.3,20-04-2021
2021,4,21,0.63,21-04-2021
2021,4,22,0.04,22-04-2021
2021,4,23,2.73,23-04-2021
2021,4,24,4.23,24-04-2021
2021,4,25,1.51,25-04-2021
2021,4,26,0.16,26-04-2021
2021,4,27,0.01,27-04-2021
2021,4,28,0,28-04-2021
2021,4,29,0.01,29-04-2021
2021,4,30,0.15,30-04-2021
2021,5,1,0.59,01-05-2021
2021,5,2,0.82,02-05-2021
2021,5,3,2.62,03-05-2021
2021,5,4,5.13,04-05-2021
2021,5,5,1.08,05-05-2021
2021,5,6,0.15,06-05-2021
2021,5,7,1.12,07-05-2021
2021,5,8,0.91,08-05-2021
2021,5,9,0.54,09-05-2021
2021,5,10,0.15,10-05-2021
2021,5,11,0.15,11-05-2021
2021,5,12,1.66,12-05-2021
2021,5,13,7.86,13-05-2021
2021,5,14,3.51,14-05-2021
2021,5,15,0.54,15-05-2021
2021,5,16,1.02,16-05-2021
2021,5,17,4.38,17-05-2021
2021,5,18,2.28,18-05-2021
2021,5,19,16.1,19-05-2021
2021,5,20,19.5,20-05-2021
2021,5,21,3.31,21-05-2021
2021,5,22,0.99,22-05-2021
2021,5,23,0.09,23-05-2021
2021,5,24,0.01,24-05-2021
2021,5,25,4.65,25-05-2021
2021,5,26,4.44,26-05-2021
2021,5,27,0.01,27-05-2021
2021,5,28,0,28-05-2021
2021,5,29,0,29-05-2021
2021,5,30,0.03,30-05-2021
2021,5,31,0.08,31-05-2021
2021,6,1,0.25,01-06-2021
2021,6,2,5.68,02-06-2021
2021,6,3,4.61,03-06-2021
2021,6,4,3.21,04-06-2021
2021,6,5,14.03,05-06-2021
2021,6,6,0.31,06-06-2021
2021,6,7,0.08,07-06-2021
2021,6,8,1.06,08-06-2021
2021,6,9,1.19,09-06-2021
2021,6,10,0.15,10-06-2021
2021,6,11,0,11-06-2021
2021,6,12,2.86,12-06-2021
2021,6,13,0.07,13-06-2021
2021,6,14,0.01,14-06-2021
2021,6,15,0.01,15-06-2021
2021,6,16,0.02,16-06-2021
2021,6,17,0,17-06-2021
2021,6,18,0,18-06-2021
2021,6,19,0,19-06-2021
2021,6,20,0,20-06-2021
2021,6,21,0.27,21-06-2021
2021,6,22,3.08,22-06-2021
2021,6,23,11.69,23-06-2021
2021,6,24,1.43,24-06-2021
2021,6,25,0,25-06-2021
2021,6,26,0.75,26-06-2021
2021,6,27,0.14,27-06-2021
2021,6,28,0.18,28-06-2021
2021,6,29,5.54,29-06-2021
2021,6,30,4.14,30-06-2021
2021,7,1,26.03,01-07-2021
2021,7,2,5.06,02-07-2021
2021,7,3,2.14,03-07-2021
2021,7,4,33.27,04-07-2021
2021,7,5,3.89,05-07-2021
2021,7,6,0,06-07-2021
2021,7,7,3.61,07-07-2021
2021,7,8,11.25,08-07-2021
2021,7,9,3.9,09-07-2021
2021,7,10,0.31,10-07-2021
2021,7,11,0.05,11-07-2021
2021,7,12,0.03,12-07-2021
2021,7,13,0.1,13-07-2021
2021,7,14,5.66,14-07-2021
2021,7,15,1.69,15-07-2021
2021,7,16,1.97,16-07-2021
2021,7,17,3.21,17-07-2021
2021,7,18,3.44,18-07-2021
2021,7,19,0.01,19-07-2021
2021,7,20,0.1,20-07-2021
2021,7,21,0.07,21-07-2021
2021,7,22,0.19,22-07-2021
2021,7,23,0.77,23-07-2021
2021,7,24,0.02,24-07-2021
2021,7,25,1.71,25-07-2021
2021,7,26,4.4,26-07-2021
2021,7,27,1.49,27-07-2021
2021,7,28,0.16,28-07-2021
2021,7,29,0,29-07-2021
2021,7,30,0,30-07-2021
2021,7,31,0.05,31-07-2021
2021,8,1,0.01,01-08-2021
2021,8,2,0.05,02-08-2021
2021,8,3,0,03-08-2021
2021,8,4,0,04-08-2021
2021,8,5,0.5,05-08-2021
2021,8,6,1.37,06-08-2021
2021,8,7,7,07-08-2021
2021,8,8,1.01,08-08-2021
2021,8,9,19.74,09-08-2021
2021,8,10,7.77,10-08-2021
2021,8,11,5.25,11-08-2021
2021,8,12,2.48,12-08-2021
2021,8,13,1.38,13-08-2021
2021,8,14,2.14,14-08-2021
2021,8,15,0.21,15-08-2021
2021,8,16,0.01,16-08-2021
2021,8,17,9.9,17-08-2021
2021,8,18,13.68,18-08-2021
2021,8,19,0.85,19-08-2021
2021,8,20,3.69,20-08-2021
2021,8,21,8.94,21-08-2021
2021,8,22,7.47,22-08-2021
2021,8,23,9.7,23-08-2021
2021,8,24,9.97,24-08-2021
2021,8,25,0.76,25-08-2021
2021,8,26,0.79,26-08-2021
2021,8,27,2.06,27-08-2021
2021,8,28,1.53,28-08-2021
2021,8,29,0.39,29-08-2021
2021,8,30,0.01,30-08-2021
2021,8,31,1.53,31-08-2021
2021,9,1,1.41,01-09-2021
2021,9,2,33.86,02-09-2021
2021,9,3,18.3,03-09-2021
2021,9,4,4.2,04-09-2021
2021,9,5,5.93,05-09-2021
2021,9,6,4.06,06-09-2021
2021,9,7,0.27,07-09-2021
2021,9,8,2.47,08-09-2021
2021,9,9,0.12,09-09-2021
2021,9,10,0.24,10-09-2021
2021,9,11,1.63,11-09-2021
2021,9,12,0.2,12-09-2021
2021,9,13,0.01,13-09-2021
2021,9,14,0.01,14-09-2021
2021,9,15,3.82,15-09-2021
2021,9,16,3,16-09-2021
2021,9,17,6.63,17-09-2021
2021,9,18,4.5,18-09-2021
2021,9,19,12.49,19-09-2021
2021,9,20,4.09,20-09-2021
2021,9,21,0.93,21-09-2021
2021,9,22,0.65,22-09-2021
2021,9,23,7.83,23-09-2021
2021,9,24,6.28,24-09-2021
2021,9,25,5.14,25-09-2021
2021,9,26,3.06,26-09-2021
2021,9,27,3.92,27-09-2021
2021,9,28,0.07,28-09-2021
2021,9,29,1.64,29-09-2021
2021,9,30,20.34,30-09-2021
2021,10,1,9.39,01-10-2021
2021,10,2,7.13,02-10-2021
2021,10,3,3.4,03-10-2021
2021,10,4,2.87,04-10-2021
2021,10,5,8.53,05-10-2021
2021,10,6,5.71,06-10-2021
2021,10,7,0.38,07-10-2021
2021,10,8,10.88,08-10-2021
2021,10,9,4.22,09-10-2021
2021,10,10,6.5,10-10-2021
2021,10,11,21.3,11-10-2021
2021,10,12,7.64,12-10-2021
2021,10,13,2.03,13-10-2021
2021,10,14,2.23,14-10-2021
2021,10,15,1.92,15-10-2021
2021,10,16,13.08,16-10-2021
2021,10,17,4.29,17-10-2021
2021,10,18,0.62,18-10-2021
2021,10,19,3.19,19-10-2021
2021,10,20,8.55,20-10-2021
2021,10,21,16.16,21-10-2021
2021,10,22,4.83,22-10-2021
2021,10,23,2.27,23-10-2021
2021,10,24,4.67,24-10-2021
2021,10,25,7.59,25-10-2021
2021,10,26,4.22,26-10-2021
2021,10,27,1.05,27-10-2021
2021,10,28,2.46,28-10-2021
2021,10,29,21.64,29-10-2021
2021,10,30,11.55,30-10-2021
2021,10,31,16.17,31-10-2021
2021,11,1,11.78,01-11-2021
2021,11,2,20.8,02-11-2021
2021,11,3,19.62,03-11-2021
2021,11,4,8.86,04-11-2021
2021,11,5,6.03,05-11-2021
2021,11,6,15.38,06-11-2021
2021,11,7,13.45,07-11-2021
2021,11,8,9.09,08-11-2021
2021,11,9,35.07,09-11-2021
2021,11,10,22.12,10-11-2021
2021,11,11,4.6,11-11-2021
2021,11,12,7.13,12-11-2021
2021,11,13,0.77,13-11-2021
2021,11,14,8.76,14-11-2021
2021,11,15,7.55,15-11-2021
2021,11,16,3.4,16-11-2021
2021,11,17,25.12,17-11-2021
2021,11,18,20.03,18-11-2021
2021,11,19,11.83,19-11-2021
2021,11,20,5.99,20-11-2021
2021,11,21,1.5,21-11-2021
2021,11,22,2.22,22-11-2021
2021,11,23,5.33,23-11-2021
2021,11,24,2.49,24-11-2021
2021,11,25,23.93,25-11-2021
2021,11,26,21.69,26-11-2021
2021,11,27,18.03,27-11-2021
2021,11,28,15.08,28-11-2021
2021,11,29,16.18,29-11-2021
2021,11,30,7.42,30-11-2021
2021,12,1,2.54,01-12-2021
2021,12,2,0.37,02-12-2021
2021,12,3,0.02,03-12-2021
2021,12,4,0.68,04-12-2021
2021,12,5,4.37,05-12-2021
2021,12,6,1.73,06-12-2021
2021,12,7,0.03,07-12-2021
2021,12,8,0.09,08-12-2021
2021,12,9,1.5,09-12-2021
2021,12,10,0.09,10-12-2021
2021,12,11,3.59,11-12-2021
2021,12,12,2.23,12-12-2021
2021,12,13,1.7,13-12-2021
2021,12,14,2.31,14-12-2021
2021,12,15,1.37,15-12-2021
2021,12,16,0.22,16-12-2021
2021,12,17,0.03,17-12-2021
2021,12,18,0,18-12-2021
2021,12,19,0,19-12-2021
2021,12,20,0,20-12-2021
2021,12,21,0,21-12-2021
2021,12,22,0,22-12-2021
2021,12,23,0,23-12-2021
2021,12,24,0,24-12-2021
2021,12,25,0,25-12-2021
2021,12,26,0,26-12-2021
2021,12,27,0,27-12-2021
2021,12,28,0.11,28-12-2021
2021,12,29,0.02,29-12-2021
2021,12,30,5.36,30-12-2021
2021,12,31,9.6,31-12-2021
2022,1,1,20.95,01-01-2022
2022,1,2,4.38,02-01-2022
2022,1,3,0,03-01-2022
2022,1,4,0,04-01-2022
2022,1,5,0,05-01-2022
2022,1,6,0.01,06-01-2022
2022,1,7,0.01,07-01-2022
2022,1,8,0,08-01-2022
2022,1,9,0,09-01-2022
2022,1,10,0,10-01-2022
2022,1,11,0.06,11-01-2022
2022,1,12,0.05,12-01-2022
2022,1,13,0,13-01-2022
2022,1,14,0,14-01-2022
2022,1,15,0.02,15-01-2022
2022,1,16,1.16,16-01-2022
2022,1,17,1.56,17-01-2022
2022,1,18,0.14,18-01-2022
2022,1,19,0,19-01-2022
2022,1,20,0,20-01-2022
2022,1,21,0,21-01-2022
2022,1,22,0,22-01-2022
2022,1,23,0,23-01-2022
2022,1,24,0.05,24-01-2022
2022,1,25,0.22,25-01-2022
2022,1,26,0.08,26-01-2022
2022,1,27,0.02,27-01-2022
2022,1,28,0.3,28-01-2022
2022,1,29,0.79,29-01-2022
2022,1,30,0.34,30-01-2022
2022,1,31,0,31-01-2022
2022,2,1,0,01-02-2022
2022,2,2,0,02-02-2022
2022,2,3,0,03-02-2022
2022,2,4,0,04-02-2022
2022,2,5,0,05-02-2022
2022,2,6,0,06-02-2022
2022,2,7,0,07-02-2022
2022,2,8,0,08-02-2022
2022,2,9,0,09-02-2022
2022,2,10,0.72,10-02-2022
2022,2,11,7.81,11-02-2022
2022,2,12,3.69,12-02-2022
2022,2,13,0.08,13-02-2022
2022,2,14,0.18,14-02-2022
2022,2,15,0.13,15-02-2022
2022,2,16,0,16-02-2022
2022,2,17,0,17-02-2022
2022,2,18,0.07,18-02-2022
2022,2,19,0.06,19-02-2022
2022,2,20,0,20-02-2022
2022,2,21,0,21-02-2022
2022,2,22,0,22-02-2022
2022,2,23,0.07,23-02-2022
2022,2,24,0.11,24-02-2022
2022,2,25,0,25-02-2022
2022,2,26,0.24,26-02-2022
2022,2,27,0.06,27-02-2022
2022,2,28,0,28-02-2022
2022,3,1,0,01-03-2022
2022,3,2,0,02-03-2022
2022,3,3,0,03-03-2022
2022,3,4,0.84,04-03-2022
2022,3,5,0.01,05-03-2022
2022,3,6,0.78,06-03-2022
2022,3,7,8.31,07-03-2022
2022,3,8,0.09,08-03-2022
2022,3,9,0,09-03-2022
2022,3,10,0,10-03-2022
2022,3,11,0,11-03-2022
2022,3,12,0,12-03-2022
2022,3,13,0,13-03-2022
2022,3,14,0,14-03-2022
2022,3,15,0,15-03-2022
2022,3,16,0,16-03-2022
2022,3,17,0,17-03-2022
2022,3,18,0,18-03-2022
2022,3,19,0,19-03-2022
2022,3,20,0.14,20-03-2022
2022,3,21,3.44,21-03-2022
2022,3,22,4.12,22-03-2022
2022,3,23,2.13,23-03-2022
2022,3,24,0.22,24-03-2022
2022,3,25,0.63,25-03-2022
2022,3,26,0.73,26-03-2022
2022,3,27,0.28,27-03-2022
2022,3,28,0,28-03-2022
2022,3,29,0,29-03-2022
2022,3,30,0.08,30-03-2022
2022,3,31,0.01,31-03-2022
2022,4,1,0.01,01-04-2022
2022,4,2,0.52,02-04-2022
2022,4,3,1.08,03-04-2022
2022,4,4,0.25,04-04-2022
2022,4,5,0.59,05-04-2022
2022,4,6,1.06,06-04-2022
2022,4,7,0.43,07-04-2022
2022,4,8,2.75,08-04-2022
2022,4,9,1.58,09-04-2022
2022,4,10,6.73,10-04-2022
2022,4,11,1.58,11-04-2022
2022,4,12,3.64,12-04-2022
2022,4,13,16.66,13-04-2022
2022,4,14,2.81,14-04-2022
2022,4,15,0.8,15-04-2022
2022,4,16,1.93,16-04-2022
2022,4,17,6.01,17-04-2022
2022,4,18,5.14,18-04-2022
2022,4,19,3.36,19-04-2022
2022,4,20,0.33,20-04-2022
2022,4,21,1.61,21-04-2022
2022,4,22,3.21,22-04-2022
2022,4,23,5.36,23-04-2022
2022,4,24,0.36,24-04-2022
2022,4,25,0.11,25-04-2022
2022,4,26,0.29,26-04-2022
2022,4,27,0.1,27-04-2022
2022,4,28,0.27,28-04-2022
2022,4,29,1.05,29-04-2022
2022,4,30,0.68,30-04-2022
2022,5,1,0.79,01-05-2022
2022,5,2,2.67,02-05-2022
2022,5,3,2.69,03-05-2022
2022,5,4,0.7,04-05-2022
2022,5,5,1.27,05-05-2022
2022,5,6,1.35,06-05-2022
2022,5,7,1.03,07-05-2022
2022,5,8,7.33,08-05-2022
2022,5,9,7.56,09-05-2022
2022,5,10,1.04,10-05-2022
2022,5,11,0.62,11-05-2022
2022,5,12,1.45,12-05-2022
2022,5,13,4.71,13-05-2022
2022,5,14,7.48,14-05-2022
2022,5,15,22.01,15-05-2022
2022,5,16,4.33,16-05-2022
2022,5,17,3.75,17-05-2022
2022,5,18,0.49,18-05-2022
2022,5,19,2.48,19-05-2022
2022,5,20,0.12,20-05-2022
2022,5,21,0.51,21-05-2022
2022,5,22,0.15,22-05-2022
2022,5,23,0.91,23-05-2022
2022,5,24,0.71,24-05-2022
2022,5,25,2.02,25-05-2022
2022,5,26,2.75,26-05-2022
2022,5,27,1.28,27-05-2022
2022,5,28,0.86,28-05-2022
2022,5,29,1.18,29-05-2022
2022,5,30,2.02,30-05-2022
2022,5,31,2.09,31-05-2022
2022,6,1,2.47,01-06-2022
2022,6,2,2.13,02-06-2022
2022,6,3,0.88,03-06-2022
2022,6,4,6.11,04-06-2022
2022,6,5,4.14,05-06-2022
2022,6,6,11.35,06-06-2022
2022,6,7,5.7,07-06-2022
2022,6,8,0.23,08-06-2022
2022,6,9,0.16,09-06-2022
2022,6,10,0.26,10-06-2022
2022,6,11,0.04,11-06-2022
2022,6,12,0.24,12-06-2022
2022,6,13,0.2,13-06-2022
2022,6,14,4.06,14-06-2022
2022,6,15,2.29,15-06-2022
2022,6,16,3.87,16-06-2022
2022,6,17,13.65,17-06-2022
2022,6,18,1.96,18-06-2022
2022,6,19,4.65,19-06-2022
2022,6,20,2.07,20-06-2022
2022,6,21,0.97,21-06-2022
2022,6,22,10.87,22-06-2022
2022,6,23,4.28,23-06-2022
2022,6,24,0.7,24-06-2022
2022,6,25,0.23,25-06-2022
2022,6,26,0.77,26-06-2022
2022,6,27,1.2,27-06-2022
2022,6,28,0.39,28-06-2022
2022,6,29,1.39,29-06-2022
2022,6,30,2.09,30-06-2022
2022,7,1,0.64,01-07-2022
2022,7,2,2.71,02-07-2022
2022,7,3,3.95,03-07-2022
2022,7,4,0.38,04-07-2022
2022,7,5,0.13,05-07-2022
2022,7,6,0.12,06-07-2022
2022,7,7,0.81,07-07-2022
2022,7,8,1.57,08-07-2022
2022,7,9,0.48,09-07-2022
2022,7,10,0.63,10-07-2022
2022,7,11,1.29,11-07-2022
2022,7,12,0.63,12-07-2022
2022,7,13,0.83,13-07-2022
2022,7,14,0.74,14-07-2022
2022,7,15,0.07,15-07-2022
2022,7,16,2.86,16-07-2022
2022,7,17,2.96,17-07-2022
2022,7,18,2.07,18-07-2022
2022,7,19,0.73,19-07-2022
2022,7,20,1.32,20-07-2022
2022,7,21,1.32,21-07-2022
2022,7,22,14.22,22-07-2022
2022,7,23,5.02,23-07-2022
2022,7,24,0.85,24-07-2022
2022,7,25,0.27,25-07-2022
2022,7,26,12.23,26-07-2022
2022,7,27,5.85,27-07-2022
2022,7,28,1.28,28-07-2022
2022,7,29,4.45,29-07-2022
2022,7,30,3.27,30-07-2022
2022,7,31,22.69,31-07-2022
2022,8,1,20.54,01-08-2022
2022,8,2,15.79,02-08-2022
2022,8,3,13.85,03-08-2022
2022,8,4,28.36,04-08-2022
2022,8,5,0.32,05-08-2022
2022,8,6,2.76,06-08-2022
2022,8,7,2.28,07-08-2022
2022,8,8,0.09,08-08-2022
2022,8,9,0.09,09-08-2022
2022,8,10,0.04,10-08-2022
2022,8,11,0.02,11-08-2022
2022,8,12,0.26,12-08-2022
2022,8,13,0.17,13-08-2022
2022,8,14,0.01,14-08-2022
2022,8,15,0.03,15-08-2022
2022,8,16,1.06,16-08-2022
2022,8,17,5.21,17-08-2022
2022,8,18,1.86,18-08-2022
2022,8,19,10.83,19-08-2022
2022,8,20,2.54,20-08-2022
2022,8,21,10.76,21-08-2022
2022,8,22,11.83,22-08-2022
2022,8,23,0.94,23-08-2022
2022,8,24,4.75,24-08-2022
2022,8,25,26.44,25-08-2022
2022,8,26,7.86,26-08-2022
2022,8,27,18.84,27-08-2022
2022,8,28,10.95,28-08-2022
2022,8,29,3.16,29-08-2022
2022,8,30,9.95,30-08-2022
2022,8,31,11.79,31-08-2022
2022,9,1,9.31,01-09-2022
2022,9,2,1.01,02-09-2022
2022,9,3,2.91,03-09-2022
2022,9,4,4.57,04-09-2022
2022,9,5,5.77,05-09-2022
2022,9,6,6.89,06-09-2022
2022,9,7,8.31,07-09-2022
2022,9,8,1.65,08-09-2022
2022,9,9,2.56,09-09-2022
2022,9,10,0.2,10-09-2022
2022,9,11,0.6,11-09-2022
2022,9,12,0.15,12-09-2022
2022,9,13,0.57,13-09-2022
2022,9,14,0.95,14-09-2022
2022,9,15,0.22,15-09-2022
2022,9,16,0.06,16-09-2022
2022,9,17,1.02,17-09-2022
2022,9,18,1.47,18-09-2022
2022,9,19,1.76,19-09-2022
2022,9,20,0.19,20-09-2022
2022,9,21,0.13,21-09-2022
2022,9,22,0.34,22-09-2022
2022,9,23,0.14,23-09-2022
2022,9,24,0.95,24-09-2022
2022,9,25,16.42,25-09-2022
2022,9,26,14.72,26-09-2022
2022,9,27,6.04,27-09-2022
2022,9,28,0.74,28-09-2022
2022,9,29,1.67,29-09-2022
2022,9,30,3.25,30-09-2022
2022,10,1,0.16,01-10-2022
2022,10,2,9.79,02-10-2022
2022,10,3,0.65,03-10-2022
2022,10,4,5.1,04-10-2022
2022,10,5,10.25,05-10-2022
2022,10,6,2.28,06-10-2022
2022,10,7,0.57,07-10-2022
2022,10,8,8.55,08-10-2022
2022,10,9,30.9,09-10-2022
2022,10,10,36.73,10-10-2022
2022,10,11,3.14,11-10-2022
2022,10,12,2.55,12-10-2022
2022,10,13,5.04,13-10-2022
2022,10,14,1.73,14-10-2022
2022,10,15,12.41,15-10-2022
2022,10,16,5.42,16-10-2022
2022,10,17,3.07,17-10-2022
2022,10,18,21.81,18-10-2022
2022,10,19,2.63,19-10-2022
2022,10,20,4.93,20-10-2022
2022,10,21,4.51,21-10-2022
2022,10,22,2.97,22-10-2022
2022,10,23,3.21,23-10-2022
2022,10,24,0.65,24-10-2022
2022,10,25,0,25-10-2022
2022,10,26,0.01,26-10-2022
2022,10,27,0.04,27-10-2022
2022,10,28,0.43,28-10-2022
2022,10,29,6.13,29-10-2022
2022,10,30,3.86,30-10-2022
2022,10,31,11.39,31-10-2022
2022,11,1,39.46,01-11-2022
2022,11,2,11.2,02-11-2022
2022,11,3,2.97,03-11-2022
2022,11,4,3.74,04-11-2022
2022,11,5,9.73,05-11-2022
2022,11,6,6.04,06-11-2022
2022,11,7,2.41,07-11-2022
2022,11,8,10.54,08-11-2022
2022,11,9,1.75,09-11-2022
2022,11,10,1.12,10-11-2022
2022,11,11,49.44,11-11-2022
2022,11,12,34.76,12-11-2022
2022,11,13,7.22,13-11-2022
2022,11,14,8.74,14-11-2022
2022,11,15,8.84,15-11-2022
2022,11,16,4.93,16-11-2022
2022,11,17,0,17-11-2022
2022,11,21,0,21-11-2022
2022,11,22,0.13,22-11-2022
2022,11,23,0.6,23-11-2022
2022,11,24,0.95,24-11-2022
2022,11,25,2.44,25-11-2022
2022,11,26,2.01,26-11-2022
2022,11,27,1.78,27-11-2022
2022,11,28,4.64,28-11-2022
2022,11,29,1.34,29-11-2022
2022,11,30,0.12,30-11-2022
2022,12,1,2.63,01-12-2022
2022,12,2,1.04,02-12-2022
2022,12,3,1.8,03-12-2022
2022,12,4,2.79,04-12-2022
2022,12,5,0.32,05-12-2022
2022,12,6,0.16,06-12-2022
2022,12,7,0.01,07-12-2022
2022,12,8,18.26,08-12-2022
2022,12,9,7.22,09-12-2022
2022,12,10,4.24,10-12-2022
2022,12,11,26.16,11-12-2022
2022,12,12,42.17,12-12-2022
2022,12,13,3.27,13-12-2022
2022,12,14,1.13,14-12-2022
2022,12,15,0.25,15-12-2022
2022,12,16,0.02,16-12-2022
2022,12,17,0.28,17-12-2022
2022,12,18,0.33,18-12-2022
2022,12,19,0.13,19-12-2022
2022,12,20,1.12,20-12-2022
2022,12,21,1.28,21-12-2022
2022,12,22,0.3,22-12-2022
2022,12,23,0.03,23-12-2022
2022,12,24,0.58,24-12-2022
2022,12,25,8.6,25-12-2022
2022,12,26,6.49,26-12-2022
2022,12,27,6.3,27-12-2022
2022,12,28,0.24,28-12-2022
2022,12,29,0.33,29-12-2022
2022,12,30,0.31,30-12-2022
2022,12,31,0.29,31-12-2022
2023,1,1,0.25,01-01-2023
2023,1,2,0.16,02-01-2023
2023,1,3,0.91,03-01-2023
2023,1,4,0.17,04-01-2023
2023,1,5,0.51,05-01-2023
2023,1,6,0.03,06-01-2023
2023,1,7,0.03,07-01-2023
2023,1,8,0.66,08-01-2023
2023,1,9,0.03,09-01-2023
2023,1,10,0.01,10-01-2023
2023,1,11,0,11-01-2023
2023,1,12,0.02,12-01-2023
2023,1,13,0.02,13-01-2023
2023,1,14,0.01,14-01-2023
2023,1,15,0.05,15-01-2023
2023,1,16,0.04,16-01-2023
2023,1,17,0.05,17-01-2023
2023,1,18,0.02,18-01-2023
2023,1,19,0,19-01-2023
2023,1,20,0.13,20-01-2023
2023,1,21,0.22,21-01-2023
2023,1,22,0.07,22-01-2023
2023,1,23,1.2,23-01-2023
2023,1,24,0.32,24-01-2023
2023,1,25,0.03,25-01-2023
2023,1,26,0,26-01-2023
2023,1,27,0.02,27-01-2023
2023,1,28,0,28-01-2023
2023,1,29,0.65,29-01-2023
2023,1,30,2.14,30-01-2023
2023,1,31,0.25,31-01-2023
2023,2,1,0.6,01-02-2023
2023,2,2,0.36,02-02-2023
2023,2,3,0.75,03-02-2023
2023,2,4,0.07,04-02-2023
2023,2,5,0.05,05-02-2023
2023,2,6,0.07,06-02-2023
2023,2,7,0.12,07-02-2023
2023,2,8,0.14,08-02-2023
2023,2,9,0.17,09-02-2023
2023,2,10,0.07,10-02-2023
2023,2,11,0.14,11-02-2023
2023,2,12,0.04,12-02-2023
2023,2,13,0.05,13-02-2023
2023,2,14,0.14,14-02-2023
2023,2,15,0.01,15-02-2023
2023,2,16,0.13,16-02-2023
2023,2,17,0.07,17-02-2023
2023,2,18,0.12,18-02-2023
2023,2,19,0.18,19-02-2023
2023,2,20,0.23,20-02-2023
2023,2,21,0.03,21-02-2023
2023,2,22,0,22-02-2023
2023,2,23,0,23-02-2023
2023,2,24,0,24-02-2023
2023,2,25,0.04,25-02-2023
2023,2,26,0.09,26-02-2023
2023,2,27,0,27-02-2023
2023,2,28,0.38,28-02-2023
